Latitude,Longitude,GMT,Wind Speed at Hub Height,Air Density at Hub Height,Power Generation
52.0,4.7,2008-01-01 00:00:00,4.433003189398292,1.286511916553377,218
52.0,4.7,2008-01-01 01:00:00,4.413689566950354,1.2883027827339284,218
52.0,4.7,2008-01-01 02:00:00,4.528789412909325,1.288430124888549,218
52.0,4.7,2008-01-01 03:00:00,4.609817776241439,1.2883019389499037,218
52.0,4.7,2008-01-01 04:00:00,4.35288098294128,1.2880050684217739,218
52.0,4.7,2008-01-01 05:00:00,4.363425851171978,1.28773606594416,218
52.0,4.7,2008-01-01 06:00:00,4.598956602362269,1.2871649621991554,218
52.0,4.7,2008-01-01 07:00:00,4.879306386902768,1.2874223838231573,316
52.0,4.7,2008-01-01 08:00:00,5.033837685931479,1.288574930220583,316
52.0,4.7,2008-01-01 09:00:00,5.026864031915032,1.2884276768649232,316
52.0,4.7,2008-01-01 10:00:00,5.198637182102924,1.2871646343447694,316
52.0,4.7,2008-01-01 11:00:00,5.255719680531804,1.2846048774937289,435
52.0,4.7,2008-01-01 12:00:00,5.216003028831972,1.2799654525910267,316
52.0,4.7,2008-01-01 13:00:00,5.270883810494548,1.2780763865567568,435
52.0,4.7,2008-01-01 14:00:00,5.630571613164687,1.2800394812461378,435
52.0,4.7,2008-01-01 15:00:00,6.468165034483869,1.2844370563885525,748
52.0,4.7,2008-01-01 16:00:00,7.300628383301309,1.288912200693286,1174
52.0,4.7,2008-01-01 17:00:00,7.799442506429769,1.292932804290497,1433
52.0,4.7,2008-01-01 18:00:00,8.059309964352252,1.2970026212055563,1433
52.0,4.7,2008-01-01 19:00:00,8.142639417693742,1.2995397867295537,1433
52.0,4.7,2008-01-01 20:00:00,7.930046086823112,1.3003092785676902,1433
52.0,4.7,2008-01-01 21:00:00,7.905929061095157,1.30078642148597,1433
52.0,4.7,2008-01-01 22:00:00,7.223369931670596,1.302359647114823,946
52.0,4.7,2008-01-01 23:00:00,7.368341260036571,1.3029028814759867,1174
52.0,4.7,2008-01-02 00:00:00,7.236074811183082,1.3029080568551805,946
52.0,4.7,2008-01-02 01:00:00,7.257247098789159,1.3034702562292872,1174
52.0,4.7,2008-01-02 02:00:00,7.386288382756798,1.3034705094887808,1174
52.0,4.7,2008-01-02 03:00:00,7.592792998203752,1.3041150677623583,1174
52.0,4.7,2008-01-02 04:00:00,7.891320751422282,1.3056773438891125,1433
52.0,4.7,2008-01-02 05:00:00,7.861613629052834,1.3071516401142507,1433
52.0,4.7,2008-01-02 06:00:00,7.899968943250074,1.3077312040300333,1433
52.0,4.7,2008-01-02 07:00:00,7.883857272340666,1.3076572825231596,1433
52.0,4.7,2008-01-02 08:00:00,7.822455461488491,1.3059678826544938,1433
52.0,4.7,2008-01-02 09:00:00,7.399666128324703,1.30082415334192,1174
52.0,4.7,2008-01-02 10:00:00,7.294739931177475,1.2938182481577336,1174
52.0,4.7,2008-01-02 11:00:00,7.666368606252883,1.2871782536157745,1174
52.0,4.7,2008-01-02 12:00:00,8.549290494301115,1.2824767314820338,1722
52.0,4.7,2008-01-02 13:00:00,9.111141597616816,1.281509948574337,2035
52.0,4.7,2008-01-02 14:00:00,9.242815101407931,1.2841277004178564,2035
52.0,4.7,2008-01-02 15:00:00,9.865921800736231,1.2880786766196586,2658
52.0,4.7,2008-01-02 16:00:00,10.237444332675754,1.291186076884067,2658
52.0,4.7,2008-01-02 17:00:00,10.385773408641626,1.2927564238975278,2869
52.0,4.7,2008-01-02 18:00:00,10.403270383766285,1.2940584703261093,2869
52.0,4.7,2008-01-02 19:00:00,10.373522694428933,1.2941974502597504,2869
52.0,4.7,2008-01-02 20:00:00,10.336429074223577,1.2937500728017992,2869
52.0,4.7,2008-01-02 21:00:00,10.385463723554713,1.2935656801898956,2869
52.0,4.7,2008-01-02 22:00:00,10.589605609583334,1.2934109134060314,2869
52.0,4.7,2008-01-02 23:00:00,10.723776920984752,1.2931795052557138,2869
52.0,4.7,2008-01-03 00:00:00,10.852212514296516,1.292394926769751,3017
52.0,4.7,2008-01-03 01:00:00,10.987815576415095,1.2918626884131623,3017
52.0,4.7,2008-01-03 02:00:00,11.179271909659066,1.2901362604398718,3017
52.0,4.7,2008-01-03 03:00:00,11.364204556649817,1.2880986689096754,3056
52.0,4.7,2008-01-03 04:00:00,11.669620209042654,1.2856692560674385,3056
52.0,4.7,2008-01-03 05:00:00,12.048534177842606,1.2834010739347814,3069
52.0,4.7,2008-01-03 06:00:00,12.332712916292058,1.2819523265555757,3074
52.0,4.7,2008-01-03 07:00:00,12.423498386037503,1.2810662418333776,3074
52.0,4.7,2008-01-03 08:00:00,12.363802532005261,1.2794258776317424,3074
52.0,4.7,2008-01-03 09:00:00,11.995771338934622,1.2768805038362716,3069
52.0,4.7,2008-01-03 10:00:00,11.591507378587671,1.273715625979074,3056
52.0,4.7,2008-01-03 11:00:00,11.221703499971683,1.27056592782246,3017
52.0,4.7,2008-01-03 12:00:00,10.727343244083048,1.2686399164027764,2869
52.0,4.7,2008-01-03 13:00:00,10.241118791001712,1.2687220493080538,2658
52.0,4.7,2008-01-03 14:00:00,9.867524719510829,1.2696104739359224,2658
52.0,4.7,2008-01-03 15:00:00,9.837278333757766,1.2710026550276916,2658
52.0,4.7,2008-01-03 16:00:00,9.862737719939568,1.2712524846995314,2658
52.0,4.7,2008-01-03 17:00:00,9.822613424613518,1.2713960960790003,2658
52.0,4.7,2008-01-03 18:00:00,9.804986453416443,1.271346525256133,2658
52.0,4.7,2008-01-03 19:00:00,9.840920122870635,1.2716068270329897,2658
52.0,4.7,2008-01-03 20:00:00,9.819916498008824,1.2720182332789485,2658
52.0,4.7,2008-01-03 21:00:00,9.734343892042183,1.2723133693470978,2362
52.0,4.7,2008-01-03 22:00:00,9.534373157751316,1.2723125778969562,2362
52.0,4.7,2008-01-03 23:00:00,9.35533213659011,1.2723855486082238,2362
52.0,4.7,2008-01-04 00:00:00,9.208812567618168,1.2720388337913235,2035
52.0,4.7,2008-01-04 01:00:00,9.198728393298955,1.2723888434119504,2035
52.0,4.7,2008-01-04 02:00:00,9.285200319379577,1.272632350265699,2362
52.0,4.7,2008-01-04 03:00:00,9.328425239495276,1.272535327306047,2362
52.0,4.7,2008-01-04 04:00:00,9.434556860970046,1.2724556198700938,2362
52.0,4.7,2008-01-04 05:00:00,9.589448403075187,1.2725583927366215,2362
52.0,4.7,2008-01-04 06:00:00,9.62791653196451,1.2737349663229296,2362
52.0,4.7,2008-01-04 07:00:00,9.462840531118541,1.2743544156000326,2362
52.0,4.7,2008-01-04 08:00:00,9.13278446146457,1.2729998707506418,2035
52.0,4.7,2008-01-04 09:00:00,8.746458134248698,1.2706480259282997,1722
52.0,4.7,2008-01-04 10:00:00,8.404473126536562,1.2677846766671714,1722
52.0,4.7,2008-01-04 11:00:00,8.034413993573175,1.2647794072668181,1433
52.0,4.7,2008-01-04 12:00:00,7.798373217068791,1.2608344505511568,1404
52.0,4.7,2008-01-04 13:00:00,8.054528217131024,1.2577070200093132,1404
52.0,4.7,2008-01-04 14:00:00,8.691196979679603,1.2569559279920812,1687
52.0,4.7,2008-01-04 15:00:00,9.587834284746128,1.2589779393655753,2317
52.0,4.7,2008-01-04 16:00:00,10.590945442252917,1.2610003859582222,2838
52.0,4.7,2008-01-04 17:00:00,11.460201632895775,1.2625524244419615,3056
52.0,4.7,2008-01-04 18:00:00,12.112390560174088,1.261949319964709,3067
52.0,4.7,2008-01-04 19:00:00,12.605173881982461,1.2582428669316534,3073
52.0,4.7,2008-01-04 20:00:00,13.015785438517364,1.2532539702903847,3075
52.0,4.7,2008-01-04 21:00:00,13.43922628491603,1.2487836393701364,3075
52.0,4.7,2008-01-04 22:00:00,13.9661164968499,1.245932268636064,3075
52.0,4.7,2008-01-04 23:00:00,14.324903617627507,1.2439251988953264,3075
52.0,4.7,2008-01-05 00:00:00,14.527592526489197,1.2410454107909337,3075
52.0,4.7,2008-01-05 01:00:00,14.724114337896498,1.2380113217686017,3075
52.0,4.7,2008-01-05 02:00:00,15.171580946094085,1.2347570878680134,3075
52.0,4.7,2008-01-05 03:00:00,15.376253790331864,1.2329193267296243,3075
52.0,4.7,2008-01-05 04:00:00,14.813246540774855,1.2353100378067323,3075
52.0,4.7,2008-01-05 05:00:00,13.466643036908351,1.2366815235172752,3075
52.0,4.7,2008-01-05 06:00:00,12.005771042148424,1.235600863767844,3065
52.0,4.7,2008-01-05 07:00:00,11.36871781158178,1.2335321668719805,3044
52.0,4.7,2008-01-05 08:00:00,11.322113432665333,1.2322230096297802,3044
52.0,4.7,2008-01-05 09:00:00,11.564878955691217,1.2312485914386186,3044
52.0,4.7,2008-01-05 10:00:00,12.156438054082452,1.2309440760471784,3065
52.0,4.7,2008-01-05 11:00:00,12.795428540865585,1.2306397690939352,3075
52.0,4.7,2008-01-05 12:00:00,12.820405591026462,1.22975309228051,3075
52.0,4.7,2008-01-05 13:00:00,12.449579565430069,1.228963973292702,3073
52.0,4.7,2008-01-05 14:00:00,11.900112694684607,1.2307933896382606,3065
52.0,4.7,2008-01-05 15:00:00,11.32159931196527,1.234999464542884,3044
52.0,4.7,2008-01-05 16:00:00,10.832984962376376,1.2378671772080385,3000
52.0,4.7,2008-01-05 17:00:00,10.291107060518849,1.2408144654756361,2838
52.0,4.7,2008-01-05 18:00:00,9.660085517885374,1.2433441366734217,2317
52.0,4.7,2008-01-05 19:00:00,9.154077817721733,1.2447146935043016,1995
52.0,4.7,2008-01-05 20:00:00,8.76897710882786,1.2448734749703096,1995
52.0,4.7,2008-01-05 21:00:00,8.309414216435435,1.244980534360156,1687
52.0,4.7,2008-01-05 22:00:00,7.7573225389052824,1.2450959585552057,1404
52.0,4.7,2008-01-05 23:00:00,7.1863023900527985,1.244783504064839,926
52.0,4.7,2008-01-06 00:00:00,6.7368170095542785,1.24382536689486,733
52.0,4.7,2008-01-06 01:00:00,6.697874201850196,1.2424188879642417,733
52.0,4.7,2008-01-06 02:00:00,7.104550038502508,1.241506308733966,926
52.0,4.7,2008-01-06 03:00:00,7.616582308236668,1.242594233805409,1150
52.0,4.7,2008-01-06 04:00:00,8.167243137058536,1.2450844550567328,1404
52.0,4.7,2008-01-06 05:00:00,8.592962533336378,1.2484181045080893,1687
52.0,4.7,2008-01-06 06:00:00,8.81339839134494,1.2513146667800215,1995
52.0,4.7,2008-01-06 07:00:00,8.840281603762236,1.2539905871918373,1995
52.0,4.7,2008-01-06 08:00:00,8.71627030516343,1.254040497925084,1687
52.0,4.7,2008-01-06 09:00:00,8.451360469435011,1.2515210192270534,1687
52.0,4.7,2008-01-06 10:00:00,8.302625056884564,1.2491838081408682,1687
52.0,4.7,2008-01-06 11:00:00,8.768573939984648,1.2479935288891308,1995
52.0,4.7,2008-01-06 12:00:00,9.275649546726942,1.2477238194526126,2317
52.0,4.7,2008-01-06 13:00:00,9.229111983924705,1.2484157768635507,1995
52.0,4.7,2008-01-06 14:00:00,8.725636649236025,1.2517717971083344,1687
52.0,4.7,2008-01-06 15:00:00,8.371436765185996,1.2567206122179262,1687
52.0,4.7,2008-01-06 16:00:00,8.265516051477599,1.259431036212714,1687
52.0,4.7,2008-01-06 17:00:00,8.145188668877662,1.2613622139961556,1404
52.0,4.7,2008-01-06 18:00:00,8.278093444032733,1.2628273293617875,1722
52.0,4.7,2008-01-06 19:00:00,8.774520415936808,1.2649750022584192,2035
52.0,4.7,2008-01-06 20:00:00,9.301646898803696,1.2663943566261993,2362
52.0,4.7,2008-01-06 21:00:00,9.75069610804976,1.2675538212966606,2658
52.0,4.7,2008-01-06 22:00:00,10.264897639715342,1.2671073758062383,2869
52.0,4.7,2008-01-06 23:00:00,10.74623377975887,1.2656838552302379,2869
52.0,4.7,2008-01-07 00:00:00,11.194453281398577,1.2633579743228973,3017
52.0,4.7,2008-01-07 01:00:00,11.84075856374045,1.260060714009902,3067
52.0,4.7,2008-01-07 02:00:00,12.245432405332327,1.2517694947665174,3067
52.0,4.7,2008-01-07 03:00:00,13.235060419778858,1.2372107109938495,3075
52.0,4.7,2008-01-07 04:00:00,15.97679652733199,1.2285189935818728,3075
52.0,4.7,2008-01-07 05:00:00,16.188568090829715,1.2327599611509086,3075
52.0,4.7,2008-01-07 06:00:00,16.005166538521948,1.2360512139450763,3075
52.0,4.7,2008-01-07 07:00:00,16.368059084419464,1.2370436658350314,3075
52.0,4.7,2008-01-07 08:00:00,16.863274010883277,1.2369148590931565,3075
52.0,4.7,2008-01-07 09:00:00,17.110598918184735,1.2365921857921083,3075
52.0,4.7,2008-01-07 10:00:00,17.263463227810814,1.2365577422356264,3075
52.0,4.7,2008-01-07 11:00:00,17.293139205532842,1.236451584038513,3075
52.0,4.7,2008-01-07 12:00:00,17.037531144900882,1.2364365284465861,3075
52.0,4.7,2008-01-07 13:00:00,16.600745615281802,1.2386461195843432,3075
52.0,4.7,2008-01-07 14:00:00,16.31611938564132,1.2399884904424816,3075
52.0,4.7,2008-01-07 15:00:00,15.947211802699421,1.2409256651438496,3075
52.0,4.7,2008-01-07 16:00:00,15.865027806328916,1.240240232088547,3075
52.0,4.7,2008-01-07 17:00:00,15.725966030409056,1.2408123736314467,3075
52.0,4.7,2008-01-07 18:00:00,15.389114059592263,1.2423189215525352,3075
52.0,4.7,2008-01-07 19:00:00,14.959427525873613,1.2458855997322038,3075
52.0,4.7,2008-01-07 20:00:00,14.440956479557176,1.2501553448306786,3075
52.0,4.7,2008-01-07 21:00:00,14.085152931696113,1.2532186091579365,3075
52.0,4.7,2008-01-07 22:00:00,13.851311726255387,1.2546381330009049,3075
52.0,4.7,2008-01-07 23:00:00,13.375948223139451,1.2560899828632786,3075
52.0,4.7,2008-01-08 00:00:00,12.383037216873193,1.2582236594926437,3073
52.0,4.7,2008-01-08 01:00:00,11.512762241124802,1.2594510281678388,3050
52.0,4.7,2008-01-08 02:00:00,11.286302452036486,1.259551472565011,3050
52.0,4.7,2008-01-08 03:00:00,11.361628479606564,1.2597561984200436,3050
52.0,4.7,2008-01-08 04:00:00,11.373716504380209,1.2589869204638025,3050
52.0,4.7,2008-01-08 05:00:00,11.283810220541595,1.2581501530780697,3050
52.0,4.7,2008-01-08 06:00:00,11.089087271661132,1.2575269319271294,3000
52.0,4.7,2008-01-08 07:00:00,10.797669686413471,1.2584690393224855,3000
52.0,4.7,2008-01-08 08:00:00,10.396413769721518,1.2588476916830575,2838
52.0,4.7,2008-01-08 09:00:00,9.924349487562214,1.2580055332768099,2615
52.0,4.7,2008-01-08 10:00:00,9.668647027299865,1.2572828839235068,2317
52.0,4.7,2008-01-08 11:00:00,9.624849486154679,1.255507766575903,2317
52.0,4.7,2008-01-08 12:00:00,9.885265640153506,1.2534931439064672,2615
52.0,4.7,2008-01-08 13:00:00,10.323930094850608,1.2528058856078002,2838
52.0,4.7,2008-01-08 14:00:00,10.878105229122255,1.2532642522291697,3000
52.0,4.7,2008-01-08 15:00:00,11.388285904035213,1.2521553333794848,3050
52.0,4.7,2008-01-08 16:00:00,11.822725491058842,1.252173770547612,3067
52.0,4.7,2008-01-08 17:00:00,12.293280585179549,1.2537886442106954,3073
52.0,4.7,2008-01-08 18:00:00,13.42804585706521,1.2567781104886337,3075
52.0,4.7,2008-01-08 19:00:00,13.107027614080458,1.2588798997809736,3075
52.0,4.7,2008-01-08 20:00:00,13.276646471097141,1.2589965448471807,3075
52.0,4.7,2008-01-08 21:00:00,13.529112913178604,1.2581293904220026,3075
52.0,4.7,2008-01-08 22:00:00,13.707920458829058,1.2570236440014941,3075
52.0,4.7,2008-01-08 23:00:00,13.87524065202368,1.2559064061549368,3075
52.0,4.7,2008-01-09 00:00:00,13.926371297125229,1.2552722475336724,3075
52.0,4.7,2008-01-09 01:00:00,13.925055256520698,1.2553135754133788,3075
52.0,4.7,2008-01-09 02:00:00,13.922570240004553,1.254398815173442,3075
52.0,4.7,2008-01-09 03:00:00,13.750118425872385,1.2532272127148192,3075
52.0,4.7,2008-01-09 04:00:00,13.340223180359251,1.251579833035999,3075
52.0,4.7,2008-01-09 05:00:00,12.594892375366332,1.2495895808227793,3073
52.0,4.7,2008-01-09 06:00:00,11.641883025654685,1.2463081331697954,3050
52.0,4.7,2008-01-09 07:00:00,10.95662981096216,1.2443192792714417,3000
52.0,4.7,2008-01-09 08:00:00,10.654573143403685,1.2445247554561258,2838
52.0,4.7,2008-01-09 09:00:00,10.670212146824474,1.245257516275228,2838
52.0,4.7,2008-01-09 10:00:00,11.0562786572736,1.2462488839726305,3000
52.0,4.7,2008-01-09 11:00:00,11.37998482510364,1.2444638748063248,3050
52.0,4.7,2008-01-09 12:00:00,11.503105017638537,1.2425080738122838,3050
52.0,4.7,2008-01-09 13:00:00,11.499401977534019,1.243606710445939,3050
52.0,4.7,2008-01-09 14:00:00,11.47006653981289,1.2458155046501969,3050
52.0,4.7,2008-01-09 15:00:00,11.570742708841252,1.2497379849611345,3050
52.0,4.7,2008-01-09 16:00:00,11.791121937418149,1.251875209727036,3067
52.0,4.7,2008-01-09 17:00:00,12.044831141674305,1.2532761354750512,3067
52.0,4.7,2008-01-09 18:00:00,12.156920445701866,1.2539783795688666,3067
52.0,4.7,2008-01-09 19:00:00,12.066906643208428,1.2540512651464564,3067
52.0,4.7,2008-01-09 20:00:00,11.950744214832179,1.2540301561965377,3067
52.0,4.7,2008-01-09 21:00:00,11.929590722893945,1.2538218390306468,3067
52.0,4.7,2008-01-09 22:00:00,12.203938947885417,1.254151761797654,3067
52.0,4.7,2008-01-09 23:00:00,12.3636571378357,1.2534251789280464,3073
52.0,4.7,2008-01-10 00:00:00,12.443839874879615,1.2523737046654888,3073
52.0,4.7,2008-01-10 01:00:00,12.582738415419925,1.252539100066299,3073
52.0,4.7,2008-01-10 02:00:00,12.954390822075759,1.254720176884874,3075
52.0,4.7,2008-01-10 03:00:00,13.27287211890312,1.2563626717850407,3075
52.0,4.7,2008-01-10 04:00:00,13.481334457100647,1.2568047472333161,3075
52.0,4.7,2008-01-10 05:00:00,13.52133996388828,1.2569091220238495,3075
52.0,4.7,2008-01-10 06:00:00,13.447557364227702,1.258893219622579,3075
52.0,4.7,2008-01-10 07:00:00,13.42151228259584,1.260682659512934,3075
52.0,4.7,2008-01-10 08:00:00,13.463302681411985,1.260245367416701,3075
52.0,4.7,2008-01-10 09:00:00,13.459074585036856,1.2567607833023384,3075
52.0,4.7,2008-01-10 10:00:00,13.56380451389243,1.2527464888879978,3075
52.0,4.7,2008-01-10 11:00:00,14.013654596303116,1.246821456305464,3075
52.0,4.7,2008-01-10 12:00:00,14.804772808335464,1.2407650959902161,3075
52.0,4.7,2008-01-10 13:00:00,15.387665288760388,1.2365906548031502,3075
52.0,4.7,2008-01-10 14:00:00,15.685273738631853,1.2334644460593234,3075
52.0,4.7,2008-01-10 15:00:00,15.954227719041958,1.2317257003030526,3075
52.0,4.7,2008-01-10 16:00:00,16.24711806328794,1.230629714183885,3075
52.0,4.7,2008-01-10 17:00:00,16.536348260398583,1.2298311533736188,3075
52.0,4.7,2008-01-10 18:00:00,16.592261921924035,1.2283725182618497,3075
52.0,4.7,2008-01-10 19:00:00,16.366207614429307,1.2272942245606429,3075
52.0,4.7,2008-01-10 20:00:00,15.969949984416813,1.2266083206323695,3075
52.0,4.7,2008-01-10 21:00:00,15.46355415472686,1.2266584187595462,3075
52.0,4.7,2008-01-10 22:00:00,14.77619911441394,1.2270000142030746,3075
52.0,4.7,2008-01-10 23:00:00,14.005008072575993,1.2269793402711595,3075
52.0,4.7,2008-01-11 00:00:00,13.231710819746894,1.226766747585496,3075
52.0,4.7,2008-01-11 01:00:00,12.616448636926467,1.2267910066060077,3073
52.0,4.7,2008-01-11 02:00:00,12.234764087784484,1.2265739685933976,3065
52.0,4.7,2008-01-11 03:00:00,11.68708253583793,1.2265992270515804,3044
52.0,4.7,2008-01-11 04:00:00,11.236138007076965,1.2262132376103267,2984
52.0,4.7,2008-01-11 05:00:00,11.114099385627705,1.225958350175843,2984
52.0,4.7,2008-01-11 06:00:00,10.975901358388843,1.2259489824127532,2984
52.0,4.7,2008-01-11 07:00:00,10.928490643220599,1.2259294190184693,2984
52.0,4.7,2008-01-11 08:00:00,11.080111103908925,1.2253220623243597,2984
52.0,4.7,2008-01-11 09:00:00,11.594227936561252,1.224448335771854,3044
52.0,4.7,2008-01-11 10:00:00,11.75647135480692,1.2226361345716388,3065
52.0,4.7,2008-01-11 11:00:00,12.309212060591037,1.2206736470681046,3073
52.0,4.7,2008-01-11 12:00:00,12.822429963677534,1.2193965645027927,3075
52.0,4.7,2008-01-11 13:00:00,12.912853638287418,1.217990120153831,3075
52.0,4.7,2008-01-11 14:00:00,12.888221081340175,1.2159142238615699,3075
52.0,4.7,2008-01-11 15:00:00,12.827469375083442,1.2140883959738176,3075
52.0,4.7,2008-01-11 16:00:00,12.62574467073974,1.213143837925623,3073
52.0,4.7,2008-01-11 17:00:00,12.637397879613921,1.2133126703849237,3073
52.0,4.7,2008-01-11 18:00:00,12.605953234522158,1.214393194609642,3073
52.0,4.7,2008-01-11 19:00:00,12.125903292095744,1.2155377387685264,3065
52.0,4.7,2008-01-11 20:00:00,11.728573680122306,1.2171648884894888,3044
52.0,4.7,2008-01-11 21:00:00,11.401278043075475,1.2183009397742715,3044
52.0,4.7,2008-01-11 22:00:00,10.776912901462277,1.2195749888120286,2984
52.0,4.7,2008-01-11 23:00:00,10.60107977441743,1.221400259027025,2807
52.0,4.7,2008-01-12 00:00:00,10.642754525101761,1.2225997756942253,2807
52.0,4.7,2008-01-12 01:00:00,10.666506529009908,1.2235277218421392,2807
52.0,4.7,2008-01-12 02:00:00,10.62565202666497,1.224879743040686,2807
52.0,4.7,2008-01-12 03:00:00,10.111133414533088,1.2268148744074163,2572
52.0,4.7,2008-01-12 04:00:00,9.413936262364459,1.2293137041096875,2273
52.0,4.7,2008-01-12 05:00:00,8.909167163776889,1.2312136881294664,1955
52.0,4.7,2008-01-12 06:00:00,8.789542893179117,1.2322303820531468,1955
52.0,4.7,2008-01-12 07:00:00,9.861632514083523,1.2324809436292647,2572
52.0,4.7,2008-01-12 08:00:00,11.834872581344124,1.2339683433467836,3065
52.0,4.7,2008-01-12 09:00:00,13.14872624274458,1.2372292456196845,3075
52.0,4.7,2008-01-12 10:00:00,13.014817036932376,1.2379656644701493,3075
52.0,4.7,2008-01-12 11:00:00,12.165043486716412,1.2402030762219416,3067
52.0,4.7,2008-01-12 12:00:00,11.377642575558415,1.2422809863071467,3050
52.0,4.7,2008-01-12 13:00:00,10.501112421106,1.2450120327646503,2838
52.0,4.7,2008-01-12 14:00:00,9.149460834834974,1.2492094583996238,1995
52.0,4.7,2008-01-12 15:00:00,8.286180598169222,1.2544059588593934,1687
52.0,4.7,2008-01-12 16:00:00,8.240657505601147,1.2568403481624184,1404
52.0,4.7,2008-01-12 17:00:00,8.30790491206671,1.258014238508518,1687
52.0,4.7,2008-01-12 18:00:00,8.48924499624499,1.2591849328511255,1687
52.0,4.7,2008-01-12 19:00:00,8.79426651027748,1.2599557146072555,1995
52.0,4.7,2008-01-12 20:00:00,9.155686038036897,1.261218979977011,1995
52.0,4.7,2008-01-12 21:00:00,9.38441651731817,1.2617272369378982,2317
52.0,4.7,2008-01-12 22:00:00,9.653623995891861,1.261404920023944,2317
52.0,4.7,2008-01-12 23:00:00,10.0078266175809,1.2605158729297654,2615
52.0,4.7,2008-01-13 00:00:00,10.317008976196957,1.258015786504419,2838
52.0,4.7,2008-01-13 01:00:00,10.630811610529841,1.2564639387776841,2838
52.0,4.7,2008-01-13 02:00:00,10.971674462851146,1.2572290714367444,3000
52.0,4.7,2008-01-13 03:00:00,10.946772563629931,1.258889034721476,3000
52.0,4.7,2008-01-13 04:00:00,10.936729404514866,1.2605091525189545,3000
52.0,4.7,2008-01-13 05:00:00,11.239005832593842,1.2607056411497706,3000
52.0,4.7,2008-01-13 06:00:00,11.553695456216047,1.260262753915131,3050
52.0,4.7,2008-01-13 07:00:00,11.695610380471297,1.2597745731801677,3050
52.0,4.7,2008-01-13 08:00:00,11.710174407143189,1.2585449598267986,3050
52.0,4.7,2008-01-13 09:00:00,11.713150295614655,1.2558885385232517,3050
52.0,4.7,2008-01-13 10:00:00,11.563954624887804,1.2516284834267355,3050
52.0,4.7,2008-01-13 11:00:00,11.275860931105559,1.2484686983863886,3050
52.0,4.7,2008-01-13 12:00:00,10.904500958998026,1.2467201548537883,3000
52.0,4.7,2008-01-13 13:00:00,10.513767489002687,1.2452666312908303,2838
52.0,4.7,2008-01-13 14:00:00,10.360879762451667,1.2445703071933103,2838
52.0,4.7,2008-01-13 15:00:00,10.403630977900036,1.2446275701602487,2838
52.0,4.7,2008-01-13 16:00:00,10.732116909788763,1.2454977133064116,2838
52.0,4.7,2008-01-13 17:00:00,11.164958367571504,1.248105342419164,3000
52.0,4.7,2008-01-13 18:00:00,11.5713829719416,1.2531487156337313,3050
52.0,4.7,2008-01-13 19:00:00,11.781716999861109,1.2583005795547642,3067
52.0,4.7,2008-01-13 20:00:00,11.973652750475269,1.2614420187460162,3067
52.0,4.7,2008-01-13 21:00:00,12.30678947039308,1.262924641697302,3074
52.0,4.7,2008-01-13 22:00:00,12.459828291590117,1.2634696318759258,3074
52.0,4.7,2008-01-13 23:00:00,12.341049550309716,1.263487263767671,3074
52.0,4.7,2008-01-14 00:00:00,12.162358369800165,1.2630018380845165,3069
52.0,4.7,2008-01-14 01:00:00,12.05945575302036,1.2623756590000128,3067
52.0,4.7,2008-01-14 02:00:00,12.004427813511503,1.2606456341887482,3067
52.0,4.7,2008-01-14 03:00:00,11.962373073533561,1.2582117644139674,3067
52.0,4.7,2008-01-14 04:00:00,12.317357350336176,1.2551215873172195,3073
52.0,4.7,2008-01-14 05:00:00,12.65755849713682,1.2519781276419584,3073
52.0,4.7,2008-01-14 06:00:00,13.120751364375542,1.249171124662106,3075
52.0,4.7,2008-01-14 07:00:00,13.278177555897758,1.246162643773351,3075
52.0,4.7,2008-01-14 08:00:00,13.485059918346218,1.243019923854303,3075
52.0,4.7,2008-01-14 09:00:00,13.27237544471598,1.2402609958194677,3075
52.0,4.7,2008-01-14 10:00:00,13.431200833624079,1.2371745134324212,3075
52.0,4.7,2008-01-14 11:00:00,13.749854833664537,1.2354861472738654,3075
52.0,4.7,2008-01-14 12:00:00,14.109439589489428,1.2329315543313473,3075
52.0,4.7,2008-01-14 13:00:00,14.402318688203755,1.2310127592214104,3075
52.0,4.7,2008-01-14 14:00:00,14.690688215208132,1.2300819372966982,3075
52.0,4.7,2008-01-14 15:00:00,14.911569813952589,1.2296205198119257,3075
52.0,4.7,2008-01-14 16:00:00,15.129579018850217,1.228922686380949,3075
52.0,4.7,2008-01-14 17:00:00,15.137770639065055,1.229382173801929,3075
52.0,4.7,2008-01-14 18:00:00,14.939725210077166,1.2303127661516116,3075
52.0,4.7,2008-01-14 19:00:00,14.561524762429517,1.230967543542803,3075
52.0,4.7,2008-01-14 20:00:00,14.164533530802062,1.2315898936315364,3075
52.0,4.7,2008-01-14 21:00:00,13.862727154488294,1.2324791041490044,3075
52.0,4.7,2008-01-14 22:00:00,13.801261207035823,1.2329480103170558,3075
52.0,4.7,2008-01-14 23:00:00,13.655570549604734,1.233615107767438,3075
52.0,4.7,2008-01-15 00:00:00,13.652696244576513,1.2333951951882791,3075
52.0,4.7,2008-01-15 01:00:00,13.504723870787515,1.233478156863079,3075
52.0,4.7,2008-01-15 02:00:00,13.604743768054654,1.2328542127780846,3075
52.0,4.7,2008-01-15 03:00:00,13.797950131747033,1.2321759908130028,3075
52.0,4.7,2008-01-15 04:00:00,14.343752261077329,1.2313765842273032,3075
52.0,4.7,2008-01-15 05:00:00,14.864542130816538,1.2299053981871542,3075
52.0,4.7,2008-01-15 06:00:00,15.506504974665386,1.2280524359800018,3075
52.0,4.7,2008-01-15 07:00:00,16.206628054361886,1.226126596551357,3075
52.0,4.7,2008-01-15 08:00:00,16.907346342169973,1.2245098995671182,3075
52.0,4.7,2008-01-15 09:00:00,17.4887825115055,1.2221205553353243,3075
52.0,4.7,2008-01-15 10:00:00,18.02224665422446,1.2203526943981264,3075
52.0,4.7,2008-01-15 11:00:00,18.525322795742554,1.2183752389201643,3075
52.0,4.7,2008-01-15 12:00:00,19.06209556023896,1.2159115213015408,3075
52.0,4.7,2008-01-15 13:00:00,19.57926039724288,1.2158740330923623,3075
52.0,4.7,2008-01-15 14:00:00,19.824607268947158,1.216195600009904,3075
52.0,4.7,2008-01-15 15:00:00,19.80160500893877,1.2151198781027748,3075
52.0,4.7,2008-01-15 16:00:00,19.611318788035195,1.2145061705431524,3075
52.0,4.7,2008-01-15 17:00:00,19.136236454453126,1.2129401634786752,3075
52.0,4.7,2008-01-15 18:00:00,18.858296259504243,1.2127971123796941,3075
52.0,4.7,2008-01-15 19:00:00,18.763161395456766,1.2140170211674093,3075
52.0,4.7,2008-01-15 20:00:00,19.005667050497053,1.2140808666617082,3075
52.0,4.7,2008-01-15 21:00:00,19.15999538532654,1.2108249369003867,3075
52.0,4.7,2008-01-15 22:00:00,19.014972376614068,1.2084142053685158,3075
52.0,4.7,2008-01-15 23:00:00,18.481760186401548,1.2057074268125987,3075
52.0,4.7,2008-01-16 00:00:00,17.951928880768925,1.2025362407079472,3075
52.0,4.7,2008-01-16 01:00:00,17.723340958333907,1.203396594425683,3075
52.0,4.7,2008-01-16 02:00:00,17.2031439833689,1.2080401336699633,3075
52.0,4.7,2008-01-16 03:00:00,16.46963380465333,1.2117593438953713,3075
52.0,4.7,2008-01-16 04:00:00,16.081812696269733,1.2148198342587715,3075
52.0,4.7,2008-01-16 05:00:00,15.260669106496655,1.2184047328169476,3075
52.0,4.7,2008-01-16 06:00:00,14.372737993456886,1.2209798159076604,3075
52.0,4.7,2008-01-16 07:00:00,13.50798498493592,1.2228252573103555,3075
52.0,4.7,2008-01-16 08:00:00,12.42331636012931,1.2237203747570637,3073
52.0,4.7,2008-01-16 09:00:00,11.557021317582054,1.2219825826062682,3044
52.0,4.7,2008-01-16 10:00:00,10.854819213749627,1.220157902423871,2984
52.0,4.7,2008-01-16 11:00:00,10.361849183372511,1.2193262967717426,2807
52.0,4.7,2008-01-16 12:00:00,9.818648958296441,1.218955541752682,2572
52.0,4.7,2008-01-16 13:00:00,9.13208911312693,1.2219818406467535,1955
52.0,4.7,2008-01-16 14:00:00,8.115356724516346,1.2257082351697766,1375
52.0,4.7,2008-01-16 15:00:00,7.513060823408799,1.2302805080459773,1126
52.0,4.7,2008-01-16 16:00:00,6.933157578931229,1.2346126997127842,907
52.0,4.7,2008-01-16 17:00:00,6.42728387411982,1.2373875678047717,717
52.0,4.7,2008-01-16 18:00:00,6.102782927205098,1.2395155035659742,567
52.0,4.7,2008-01-16 19:00:00,5.819947633977593,1.2419891738782003,567
52.0,4.7,2008-01-16 20:00:00,5.605438267705631,1.2438408081371142,426
52.0,4.7,2008-01-16 21:00:00,5.447201964417471,1.2458736455307358,426
52.0,4.7,2008-01-16 22:00:00,5.235289393877539,1.2477207010705595,309
52.0,4.7,2008-01-16 23:00:00,4.981912290760609,1.2488556924385874,309
52.0,4.7,2008-01-17 00:00:00,4.758607687213594,1.2493405071471422,309
52.0,4.7,2008-01-17 01:00:00,4.674066029703877,1.2523241358964778,213
52.0,4.7,2008-01-17 02:00:00,5.131508461866937,1.2556345364732209,309
52.0,4.7,2008-01-17 03:00:00,5.505418860041622,1.2597312815004125,426
52.0,4.7,2008-01-17 04:00:00,5.806182535711921,1.2622156944541372,567
52.0,4.7,2008-01-17 05:00:00,5.833135619465919,1.2636409903534458,579
52.0,4.7,2008-01-17 06:00:00,6.182434346376424,1.2640883279745556,579
52.0,4.7,2008-01-17 07:00:00,6.830841474872094,1.263692379552994,946
52.0,4.7,2008-01-17 08:00:00,7.672442107610411,1.2623397808224186,1150
52.0,4.7,2008-01-17 09:00:00,8.331544514602694,1.258587227864718,1687
52.0,4.7,2008-01-17 10:00:00,9.002298809200251,1.2547214237841469,1995
52.0,4.7,2008-01-17 11:00:00,9.498621662582131,1.250598435097487,2317
52.0,4.7,2008-01-17 12:00:00,10.397179244183022,1.247827678044348,2838
52.0,4.7,2008-01-17 13:00:00,11.651458367747672,1.243666745622295,3050
52.0,4.7,2008-01-17 14:00:00,12.561132894983347,1.2389414289265313,3073
52.0,4.7,2008-01-17 15:00:00,13.769489014693765,1.2355007125643325,3075
52.0,4.7,2008-01-17 16:00:00,14.762372482313761,1.2352045916989487,3075
52.0,4.7,2008-01-17 17:00:00,15.284635731684487,1.2340983924241906,3075
52.0,4.7,2008-01-17 18:00:00,15.132376123379093,1.2271478375288658,3075
52.0,4.7,2008-01-17 19:00:00,14.879653555275333,1.221347927284747,3075
52.0,4.7,2008-01-17 20:00:00,14.481211357133907,1.2214758716684908,3075
52.0,4.7,2008-01-17 21:00:00,14.511852465605296,1.224645904603408,3075
52.0,4.7,2008-01-17 22:00:00,13.881326350726985,1.2266144442428197,3075
52.0,4.7,2008-01-17 23:00:00,13.25292939430358,1.227155336995034,3075
52.0,4.7,2008-01-18 00:00:00,13.39705019771421,1.227302199690569,3075
52.0,4.7,2008-01-18 01:00:00,13.669113346984512,1.2289613004399715,3075
52.0,4.7,2008-01-18 02:00:00,13.43776362606304,1.2313028292078303,3075
52.0,4.7,2008-01-18 03:00:00,12.615130865015711,1.2333828138172016,3073
52.0,4.7,2008-01-18 04:00:00,11.40644163276253,1.2357550274621625,3044
52.0,4.7,2008-01-18 05:00:00,10.811769752250328,1.2375278007700345,3000
52.0,4.7,2008-01-18 06:00:00,10.977654081544674,1.2387629789675876,3000
52.0,4.7,2008-01-18 07:00:00,11.296452696874258,1.2407375157380947,3050
52.0,4.7,2008-01-18 08:00:00,11.15158862686619,1.2412979643533149,3000
52.0,4.7,2008-01-18 09:00:00,11.087636256184053,1.2412576041355856,3000
52.0,4.7,2008-01-18 10:00:00,11.26407436584785,1.2407081550422676,3050
52.0,4.7,2008-01-18 11:00:00,11.89212830093586,1.2396278561590226,3067
52.0,4.7,2008-01-18 12:00:00,12.770215548563328,1.238570789952512,3075
52.0,4.7,2008-01-18 13:00:00,13.263603834369247,1.2383502287944617,3075
52.0,4.7,2008-01-18 14:00:00,13.958587203465385,1.2372446718693997,3075
52.0,4.7,2008-01-18 15:00:00,15.094163859908036,1.2356860418578879,3075
52.0,4.7,2008-01-18 16:00:00,15.864289243811799,1.2326242524266222,3075
52.0,4.7,2008-01-18 17:00:00,16.31378749791586,1.2289900704383745,3075
52.0,4.7,2008-01-18 18:00:00,16.76360591923884,1.225945083186715,3075
52.0,4.7,2008-01-18 19:00:00,17.14391359961484,1.225961877119816,3075
52.0,4.7,2008-01-18 20:00:00,17.376966610790245,1.226777145732211,3075
52.0,4.7,2008-01-18 21:00:00,17.68380564225823,1.2278819489571304,3075
52.0,4.7,2008-01-18 22:00:00,17.792064418096473,1.227937977432042,3075
52.0,4.7,2008-01-18 23:00:00,17.80256779931819,1.2273081406387614,3075
52.0,4.7,2008-01-19 00:00:00,17.810479824759827,1.2276898408787817,3075
52.0,4.7,2008-01-19 01:00:00,17.673448833587635,1.2285598919311995,3075
52.0,4.7,2008-01-19 02:00:00,17.31092081545157,1.2293949731372507,3075
52.0,4.7,2008-01-19 03:00:00,16.807904185008308,1.2304183935554591,3075
52.0,4.7,2008-01-19 04:00:00,16.132004244351958,1.231698648349804,3075
52.0,4.7,2008-01-19 05:00:00,15.331600866454478,1.2328528207441176,3075
52.0,4.7,2008-01-19 06:00:00,14.554854764418582,1.2338884884455843,3075
52.0,4.7,2008-01-19 07:00:00,13.843353916991285,1.2353093057586781,3075
52.0,4.7,2008-01-19 08:00:00,13.96392768008289,1.2358439062108715,3075
52.0,4.7,2008-01-19 09:00:00,13.431164671530151,1.2364271180352013,3075
52.0,4.7,2008-01-19 10:00:00,13.062610370689931,1.2368906629914753,3075
52.0,4.7,2008-01-19 11:00:00,12.776796663814201,1.237612008120371,3075
52.0,4.7,2008-01-19 12:00:00,12.402874308481639,1.2385417587024707,3073
52.0,4.7,2008-01-19 13:00:00,11.707777125011335,1.2399201375184923,3050
52.0,4.7,2008-01-19 14:00:00,10.7796477498197,1.2416812942895368,3000
52.0,4.7,2008-01-19 15:00:00,9.429316262837585,1.2429521466329072,2317
52.0,4.7,2008-01-19 16:00:00,8.534342851610619,1.2438261374916044,1687
52.0,4.7,2008-01-19 17:00:00,7.449220356835482,1.2443000043280483,1150
52.0,4.7,2008-01-19 18:00:00,6.44858674448613,1.2445634025455412,733
52.0,4.7,2008-01-19 19:00:00,5.845738186244843,1.244813118146226,567
52.0,4.7,2008-01-19 20:00:00,6.1171745521148395,1.244619197026532,567
52.0,4.7,2008-01-19 21:00:00,7.25369295596865,1.2437637063351308,1150
52.0,4.7,2008-01-19 22:00:00,9.190014340994132,1.2424075178781295,1995
52.0,4.7,2008-01-19 23:00:00,11.628964879766887,1.2410602133757478,3050
52.0,4.7,2008-01-20 00:00:00,15.179183531183588,1.2398856189634757,3075
52.0,4.7,2008-01-20 01:00:00,16.821349102245723,1.2391878767073752,3075
52.0,4.7,2008-01-20 02:00:00,16.321881318719957,1.238290732303424,3075
52.0,4.7,2008-01-20 03:00:00,16.138068173790135,1.2385065489462934,3075
52.0,4.7,2008-01-20 04:00:00,15.991970371894942,1.2392684881152998,3075
52.0,4.7,2008-01-20 05:00:00,15.946190332723111,1.2388622911991591,3075
52.0,4.7,2008-01-20 06:00:00,15.956115953276806,1.2383232561043966,3075
52.0,4.7,2008-01-20 07:00:00,15.77408302988287,1.2386371140310255,3075
52.0,4.7,2008-01-20 08:00:00,15.51409423531242,1.2386239612199559,3075
52.0,4.7,2008-01-20 09:00:00,15.463897857598969,1.2382311699694655,3075
52.0,4.7,2008-01-20 10:00:00,15.680997937287463,1.2379623329655003,3075
52.0,4.7,2008-01-20 11:00:00,15.750803645448192,1.2375301675331547,3075
52.0,4.7,2008-01-20 12:00:00,15.784985163873717,1.2370142695598376,3075
52.0,4.7,2008-01-20 13:00:00,15.563284439364235,1.237236506803283,3075
52.0,4.7,2008-01-20 14:00:00,15.203943976553644,1.2379138674696206,3075
52.0,4.7,2008-01-20 15:00:00,14.5290975113207,1.239087362642139,3075
52.0,4.7,2008-01-20 16:00:00,14.069277219061986,1.23961251827331,3075
52.0,4.7,2008-01-20 17:00:00,13.645500484210775,1.2402964144404234,3075
52.0,4.7,2008-01-20 18:00:00,13.463890796471837,1.2404141485768927,3075
52.0,4.7,2008-01-20 19:00:00,13.418908269712466,1.2407407236899453,3075
52.0,4.7,2008-01-20 20:00:00,13.71660052314287,1.2406272032249113,3075
52.0,4.7,2008-01-20 21:00:00,14.030113565672824,1.2410180962668889,3075
52.0,4.7,2008-01-20 22:00:00,14.357614032514777,1.2405959888867637,3075
52.0,4.7,2008-01-20 23:00:00,14.479157088202635,1.2401442985972748,3075
52.0,4.7,2008-01-21 00:00:00,14.342297714736226,1.2399577828665105,3075
52.0,4.7,2008-01-21 01:00:00,13.87133323029626,1.240129018428791,3075
52.0,4.7,2008-01-21 02:00:00,13.440125119557706,1.240315753060216,3075
52.0,4.7,2008-01-21 03:00:00,13.118949429909744,1.240099363986604,3075
52.0,4.7,2008-01-21 04:00:00,12.904897895487704,1.2394900544999266,3075
52.0,4.7,2008-01-21 05:00:00,13.055571539427689,1.238815580695844,3075
52.0,4.7,2008-01-21 06:00:00,13.587335297126527,1.2380493420103862,3075
52.0,4.7,2008-01-21 07:00:00,14.22663023725135,1.2373098637147946,3075
52.0,4.7,2008-01-21 08:00:00,15.618936448898998,1.236424421241008,3075
52.0,4.7,2008-01-21 09:00:00,15.262765008104669,1.2353189676879934,3075
52.0,4.7,2008-01-21 10:00:00,15.382501676318736,1.2339687353328255,3075
52.0,4.7,2008-01-21 11:00:00,15.49913089335725,1.2325558289542737,3075
52.0,4.7,2008-01-21 12:00:00,15.643104619625527,1.232200908239964,3075
52.0,4.7,2008-01-21 13:00:00,15.77225683481181,1.2324963536994173,3075
52.0,4.7,2008-01-21 14:00:00,15.93395067229911,1.2328217247563684,3075
52.0,4.7,2008-01-21 15:00:00,15.921514935139914,1.2329252012021483,3075
52.0,4.7,2008-01-21 16:00:00,16.015355270458095,1.2319023765128838,3075
52.0,4.7,2008-01-21 17:00:00,16.212101365205875,1.229665147725855,3075
52.0,4.7,2008-01-21 18:00:00,16.307270006606156,1.226587841995887,3075
52.0,4.7,2008-01-21 19:00:00,15.64676625833273,1.2239083286768906,3075
52.0,4.7,2008-01-21 20:00:00,14.75702307039301,1.2241790611397882,3075
52.0,4.7,2008-01-21 21:00:00,14.237754497355592,1.2261044239799053,3075
52.0,4.7,2008-01-21 22:00:00,13.585125958306108,1.2263480192194125,3075
52.0,4.7,2008-01-21 23:00:00,13.068052140797073,1.2270459806569183,3075
52.0,4.7,2008-01-22 00:00:00,10.702652051759657,1.2303173850823528,2807
52.0,4.7,2008-01-22 01:00:00,10.70795379539525,1.2378745176343116,2838
52.0,4.7,2008-01-22 02:00:00,12.401462590637655,1.2480136023319683,3073
52.0,4.7,2008-01-22 03:00:00,13.025238452468438,1.254575149373463,3075
52.0,4.7,2008-01-22 04:00:00,12.29355296035981,1.2588021505316436,3073
52.0,4.7,2008-01-22 05:00:00,11.822203582468314,1.261534154561671,3067
52.0,4.7,2008-01-22 06:00:00,10.765204257835375,1.262958982574712,3017
52.0,4.7,2008-01-22 07:00:00,10.196430896646403,1.2645106420149081,2658
52.0,4.7,2008-01-22 08:00:00,9.426893613610604,1.263966591639598,2362
52.0,4.7,2008-01-22 09:00:00,9.058361841614571,1.2615947998557486,1995
52.0,4.7,2008-01-22 10:00:00,8.258070050837373,1.260168282467676,1687
52.0,4.7,2008-01-22 11:00:00,8.249268361480912,1.2600103908809208,1404
52.0,4.7,2008-01-22 12:00:00,7.5753690968699425,1.2606277195618427,1150
52.0,4.7,2008-01-22 13:00:00,6.555753643826299,1.2620952234033758,733
52.0,4.7,2008-01-22 14:00:00,5.632305484208648,1.266142258712622,435
52.0,4.7,2008-01-22 15:00:00,5.137565166853293,1.2707863054690243,316
52.0,4.7,2008-01-22 16:00:00,4.4416339238654015,1.2729711049121972,218
52.0,4.7,2008-01-22 17:00:00,4.144701208484661,1.2740499853670995,140
52.0,4.7,2008-01-22 18:00:00,4.6070696970225695,1.275851268956955,218
52.0,4.7,2008-01-22 19:00:00,5.092085150078439,1.2772544467070528,316
52.0,4.7,2008-01-22 20:00:00,5.775982488661593,1.2779236284012574,579
52.0,4.7,2008-01-22 21:00:00,6.490819030146282,1.2790021343223363,748
52.0,4.7,2008-01-22 22:00:00,7.262736315566186,1.2798480758030273,1174
52.0,4.7,2008-01-22 23:00:00,7.92999137997135,1.2807155412875844,1433
52.0,4.7,2008-01-23 00:00:00,8.337338519277935,1.2828325687636086,1722
52.0,4.7,2008-01-23 01:00:00,8.71237453818274,1.2848739858054612,1722
52.0,4.7,2008-01-23 02:00:00,9.1821589639735,1.286260650806144,2035
52.0,4.7,2008-01-23 03:00:00,9.445949788092605,1.2848152717325945,2362
52.0,4.7,2008-01-23 04:00:00,9.536494024607668,1.283684986450909,2362
52.0,4.7,2008-01-23 05:00:00,9.799516055460913,1.2835706212842708,2658
52.0,4.7,2008-01-23 06:00:00,10.139960424360012,1.282879754817082,2658
52.0,4.7,2008-01-23 07:00:00,10.362350063220497,1.2815213193386739,2869
52.0,4.7,2008-01-23 08:00:00,10.501230815189428,1.2795627881366485,2869
52.0,4.7,2008-01-23 09:00:00,10.526721963723036,1.2761511870323956,2869
52.0,4.7,2008-01-23 10:00:00,10.467000218051519,1.2707261961443037,2869
52.0,4.7,2008-01-23 11:00:00,10.481825925647104,1.2651566373462309,2869
52.0,4.7,2008-01-23 12:00:00,10.501673572759739,1.2607171241576123,2838
52.0,4.7,2008-01-23 13:00:00,10.670587730332631,1.2581553759401185,2838
52.0,4.7,2008-01-23 14:00:00,10.917173352921537,1.2569286427003865,3000
52.0,4.7,2008-01-23 15:00:00,11.27462406403499,1.2559993376004774,3050
52.0,4.7,2008-01-23 16:00:00,11.539868402150667,1.254895253352236,3050
52.0,4.7,2008-01-23 17:00:00,11.832558172585555,1.2544261365912657,3067
52.0,4.7,2008-01-23 18:00:00,12.256506636466753,1.2540930606853695,3073
52.0,4.7,2008-01-23 19:00:00,12.67603995984496,1.2532422936526357,3073
52.0,4.7,2008-01-23 20:00:00,12.933345324965929,1.2525223197240944,3075
52.0,4.7,2008-01-23 21:00:00,13.030277941453344,1.2534676926695472,3075
52.0,4.7,2008-01-23 22:00:00,12.985464660482961,1.2531348646886917,3075
52.0,4.7,2008-01-23 23:00:00,12.899835942766265,1.2526588267260248,3075
52.0,4.7,2008-01-24 00:00:00,12.786762049689303,1.2515954352026073,3075
52.0,4.7,2008-01-24 01:00:00,12.631259725923849,1.251032145115428,3073
52.0,4.7,2008-01-24 02:00:00,12.36904864741055,1.2507559254590854,3073
52.0,4.7,2008-01-24 03:00:00,12.245699155163917,1.2504677614154769,3067
52.0,4.7,2008-01-24 04:00:00,12.117044969334042,1.2502869355588828,3067
52.0,4.7,2008-01-24 05:00:00,12.072379554020232,1.2501492990552263,3067
52.0,4.7,2008-01-24 06:00:00,11.940683918341268,1.2506454171537957,3067
52.0,4.7,2008-01-24 07:00:00,11.82942091687576,1.251115745638853,3067
52.0,4.7,2008-01-24 08:00:00,11.823141015506526,1.2507022416739908,3067
52.0,4.7,2008-01-24 09:00:00,11.649955563973343,1.2501800400227427,3050
52.0,4.7,2008-01-24 10:00:00,11.360600887909536,1.2496046258982243,3050
52.0,4.7,2008-01-24 11:00:00,10.97173848631654,1.2488187051052753,3000
52.0,4.7,2008-01-24 12:00:00,10.687702855860273,1.248168851400368,2838
52.0,4.7,2008-01-24 13:00:00,11.136906848784886,1.2496515141066968,3000
52.0,4.7,2008-01-24 14:00:00,11.604583500580054,1.2556909947757544,3050
52.0,4.7,2008-01-24 15:00:00,11.135032420865334,1.2609176075428017,3000
52.0,4.7,2008-01-24 16:00:00,11.370634692977843,1.2659107278000112,3056
52.0,4.7,2008-01-24 17:00:00,11.431079053751494,1.2707821021179977,3056
52.0,4.7,2008-01-24 18:00:00,11.484396714271337,1.2745203514453907,3056
52.0,4.7,2008-01-24 19:00:00,11.37220689145613,1.276668795437257,3056
52.0,4.7,2008-01-24 20:00:00,11.307040031484627,1.2788619856028491,3056
52.0,4.7,2008-01-24 21:00:00,10.723017008706114,1.2804859774016337,2869
52.0,4.7,2008-01-24 22:00:00,10.02184623711632,1.2825562255004859,2658
52.0,4.7,2008-01-24 23:00:00,9.526614626624081,1.283498146139208,2362
52.0,4.7,2008-01-25 00:00:00,9.448160984530814,1.2850528347616925,2362
52.0,4.7,2008-01-25 01:00:00,9.747405197465945,1.285766066172082,2362
52.0,4.7,2008-01-25 02:00:00,10.211326247205339,1.2856031080820707,2658
52.0,4.7,2008-01-25 03:00:00,10.835051401156285,1.2854637639399649,3017
52.0,4.7,2008-01-25 04:00:00,11.81000061707175,1.2854894313066625,3069
52.0,4.7,2008-01-25 05:00:00,12.747402730276132,1.2848990280937485,3074
52.0,4.7,2008-01-25 06:00:00,13.341378887140177,1.284856124193588,3075
52.0,4.7,2008-01-25 07:00:00,13.747211096395386,1.2831323221535895,3075
52.0,4.7,2008-01-25 08:00:00,13.982221365591451,1.2786662027306304,3075
52.0,4.7,2008-01-25 09:00:00,13.974583762455302,1.273034040197192,3075
52.0,4.7,2008-01-25 10:00:00,13.987837346146167,1.269151506788176,3075
52.0,4.7,2008-01-25 11:00:00,14.031122544618569,1.2668220236945773,3075
52.0,4.7,2008-01-25 12:00:00,14.011514956699006,1.2651841838276048,3075
52.0,4.7,2008-01-25 13:00:00,13.873276243030642,1.264414022471559,3075
52.0,4.7,2008-01-25 14:00:00,13.7851159442797,1.266106021784386,3075
52.0,4.7,2008-01-25 15:00:00,13.7974653924064,1.2683375566214279,3075
52.0,4.7,2008-01-25 16:00:00,13.714534157517342,1.2697042409092238,3075
52.0,4.7,2008-01-25 17:00:00,13.682251580952187,1.2680507045828153,3075
52.0,4.7,2008-01-25 18:00:00,13.636073277965115,1.2671480241462771,3075
52.0,4.7,2008-01-25 19:00:00,13.55739665571971,1.2664304300640474,3075
52.0,4.7,2008-01-25 20:00:00,13.43150820315969,1.2662972733355358,3075
52.0,4.7,2008-01-25 21:00:00,13.341967875149018,1.2683117800513628,3075
52.0,4.7,2008-01-25 22:00:00,13.04564547386017,1.270162701206213,3075
52.0,4.7,2008-01-25 23:00:00,12.574661342428458,1.2710465528689154,3074
52.0,4.7,2008-01-26 00:00:00,12.224960327306833,1.2705218159184613,3069
52.0,4.7,2008-01-26 01:00:00,12.193170784690256,1.2714108160767466,3069
52.0,4.7,2008-01-26 02:00:00,12.411312139734079,1.271725400464273,3074
52.0,4.7,2008-01-26 03:00:00,12.477478332220942,1.2727947552181176,3074
52.0,4.7,2008-01-26 04:00:00,12.58144437892457,1.2720291313846093,3074
52.0,4.7,2008-01-26 05:00:00,13.164613730634153,1.27108672798092,3075
52.0,4.7,2008-01-26 06:00:00,13.71216183177843,1.2695323588521892,3075
52.0,4.7,2008-01-26 07:00:00,14.382582334193518,1.2696815821788368,3075
52.0,4.7,2008-01-26 08:00:00,14.671330630217922,1.2679090652963196,3075
52.0,4.7,2008-01-26 09:00:00,14.571872319748163,1.265911122069293,3075
52.0,4.7,2008-01-26 10:00:00,14.382276050199765,1.264008318499868,3075
52.0,4.7,2008-01-26 11:00:00,14.124952556400652,1.2624043204957953,3075
52.0,4.7,2008-01-26 12:00:00,13.705156805136193,1.2625928604246277,3075
52.0,4.7,2008-01-26 13:00:00,12.958621782772438,1.2635679117677583,3075
52.0,4.7,2008-01-26 14:00:00,12.272750934840506,1.265104297481803,3074
52.0,4.7,2008-01-26 15:00:00,11.603837346386982,1.2672741360456627,3056
52.0,4.7,2008-01-26 16:00:00,11.118512161059654,1.2682580778477346,3017
52.0,4.7,2008-01-26 17:00:00,10.931752659761399,1.2674548619285346,3017
52.0,4.7,2008-01-26 18:00:00,10.884780094892829,1.266288061292928,3017
52.0,4.7,2008-01-26 19:00:00,10.971048277043332,1.266822948337683,3017
52.0,4.7,2008-01-26 20:00:00,11.250580335434755,1.2668769975491223,3056
52.0,4.7,2008-01-26 21:00:00,11.864295376132294,1.2665479245401319,3069
52.0,4.7,2008-01-26 22:00:00,12.617054090914062,1.26537140457239,3074
52.0,4.7,2008-01-26 23:00:00,13.239911553859658,1.2642226697475034,3075
52.0,4.7,2008-01-27 00:00:00,13.60920400684147,1.2642056349695803,3075
52.0,4.7,2008-01-27 01:00:00,13.7278443860216,1.2645062173343238,3075
52.0,4.7,2008-01-27 02:00:00,13.713434016112709,1.2649670971002438,3075
52.0,4.7,2008-01-27 03:00:00,14.128389652301388,1.2656766635524077,3075
52.0,4.7,2008-01-27 04:00:00,13.161821219875366,1.2669404365845396,3075
52.0,4.7,2008-01-27 05:00:00,12.831731555268586,1.2677062381852553,3075
52.0,4.7,2008-01-27 06:00:00,12.595208398971804,1.2677266804964185,3074
52.0,4.7,2008-01-27 07:00:00,12.647544898571649,1.2678495108255698,3074
52.0,4.7,2008-01-27 08:00:00,12.52599761737794,1.2661226511889943,3074
52.0,4.7,2008-01-27 09:00:00,11.921803773937503,1.2642452399734985,3069
52.0,4.7,2008-01-27 10:00:00,11.37743868892215,1.2618858676805276,3050
52.0,4.7,2008-01-27 11:00:00,10.922310410848784,1.260615922467814,3000
52.0,4.7,2008-01-27 12:00:00,10.425356059215526,1.2604343343086613,2838
52.0,4.7,2008-01-27 13:00:00,9.715792568786112,1.2609491219996642,2317
52.0,4.7,2008-01-27 14:00:00,8.811678492845303,1.2630131715207387,2035
52.0,4.7,2008-01-27 15:00:00,8.14731316717822,1.2663213052809104,1433
52.0,4.7,2008-01-27 16:00:00,7.779384923051328,1.2701094625651106,1433
52.0,4.7,2008-01-27 17:00:00,7.4024696695120085,1.272410677209221,1174
52.0,4.7,2008-01-27 18:00:00,7.083274075973346,1.2726973612997343,946
52.0,4.7,2008-01-27 19:00:00,6.95276562625906,1.272671420554633,946
52.0,4.7,2008-01-27 20:00:00,6.980043429073975,1.2726880712795265,946
52.0,4.7,2008-01-27 21:00:00,7.092229675080342,1.2734559193140025,946
52.0,4.7,2008-01-27 22:00:00,7.272973782614051,1.2745163142143727,1174
52.0,4.7,2008-01-27 23:00:00,7.3576692695886825,1.2754309180484122,1174
52.0,4.7,2008-01-28 00:00:00,7.186747629273509,1.27305037476029,946
52.0,4.7,2008-01-28 01:00:00,6.648452803602635,1.270491241827652,748
52.0,4.7,2008-01-28 02:00:00,6.111637147087216,1.269821029576363,579
52.0,4.7,2008-01-28 03:00:00,5.625446042278461,1.2694146521004466,435
52.0,4.7,2008-01-28 04:00:00,5.280256793562045,1.2696732638208699,435
52.0,4.7,2008-01-28 05:00:00,5.176849712842306,1.2701733701977687,316
52.0,4.7,2008-01-28 06:00:00,5.1323960339990045,1.2702859775419135,316
52.0,4.7,2008-01-28 07:00:00,4.971778614191341,1.2707344566001872,316
52.0,4.7,2008-01-28 08:00:00,4.5412364164569174,1.270032102818797,218
52.0,4.7,2008-01-28 09:00:00,4.125928313457413,1.2691945245202,140
52.0,4.7,2008-01-28 10:00:00,4.132078383160604,1.2681932347425433,140
52.0,4.7,2008-01-28 11:00:00,4.147793298617727,1.2673558779102,140
52.0,4.7,2008-01-28 12:00:00,4.2648145585327475,1.2656090286927255,218
52.0,4.7,2008-01-28 13:00:00,4.461075835981041,1.2660195763821696,218
52.0,4.7,2008-01-28 14:00:00,4.746862968233298,1.267123106553612,218
52.0,4.7,2008-01-28 15:00:00,5.006323029302691,1.2686415729242575,316
52.0,4.7,2008-01-28 16:00:00,5.039636877161624,1.269210665946537,316
52.0,4.7,2008-01-28 17:00:00,5.173600639529437,1.2696266824325646,316
52.0,4.7,2008-01-28 18:00:00,5.302221060817504,1.2702561302675064,435
52.0,4.7,2008-01-28 19:00:00,5.324201986378442,1.2707310113929222,435
52.0,4.7,2008-01-28 20:00:00,5.382213416639627,1.2711560706848004,435
52.0,4.7,2008-01-28 21:00:00,5.740644898313834,1.2712236127515795,435
52.0,4.7,2008-01-28 22:00:00,6.4165833048142975,1.2710129702910282,748
52.0,4.7,2008-01-28 23:00:00,6.87497889468485,1.27158923731785,946
52.0,4.7,2008-01-29 00:00:00,7.054811268288507,1.2717704580680116,946
52.0,4.7,2008-01-29 01:00:00,7.108056500340696,1.272336468146073,946
52.0,4.7,2008-01-29 02:00:00,7.018157680646527,1.2728522363895047,946
52.0,4.7,2008-01-29 03:00:00,6.620262742197461,1.272755654695331,748
52.0,4.7,2008-01-29 04:00:00,6.084703888009728,1.272962599099925,579
52.0,4.7,2008-01-29 05:00:00,5.888186471463694,1.2725341640520849,579
52.0,4.7,2008-01-29 06:00:00,5.998275561689856,1.2726166538974466,579
52.0,4.7,2008-01-29 07:00:00,6.222108591361664,1.2720074768714986,579
52.0,4.7,2008-01-29 08:00:00,6.397878045846613,1.2703867832793754,748
52.0,4.7,2008-01-29 09:00:00,6.244168974325138,1.2689473868897319,579
52.0,4.7,2008-01-29 10:00:00,6.5231013056651435,1.2677763979686465,748
52.0,4.7,2008-01-29 11:00:00,6.238423822106533,1.2657330422169668,579
52.0,4.7,2008-01-29 12:00:00,5.838680157852972,1.2651400004432183,579
52.0,4.7,2008-01-29 13:00:00,5.31715622658097,1.2650468181036687,435
52.0,4.7,2008-01-29 14:00:00,5.071108320030875,1.2659725778564273,316
52.0,4.7,2008-01-29 15:00:00,5.5351090346103256,1.267819439303706,435
52.0,4.7,2008-01-29 16:00:00,6.104207679437789,1.2697228331575805,579
52.0,4.7,2008-01-29 17:00:00,6.421851197033914,1.2710223315543423,748
52.0,4.7,2008-01-29 18:00:00,6.606028202997491,1.2719910078245344,748
52.0,4.7,2008-01-29 19:00:00,6.754519296086978,1.2723004738383052,946
52.0,4.7,2008-01-29 20:00:00,6.962394356519404,1.2718108469628848,946
52.0,4.7,2008-01-29 21:00:00,7.2945727382993315,1.2708843820467843,1174
52.0,4.7,2008-01-29 22:00:00,7.658185701056599,1.2702188258061582,1174
52.0,4.7,2008-01-29 23:00:00,7.869203313749962,1.2691051432311657,1433
52.0,4.7,2008-01-30 00:00:00,8.035657665303397,1.2682188410890383,1433
52.0,4.7,2008-01-30 01:00:00,8.15772847498757,1.2675770524383203,1433
52.0,4.7,2008-01-30 02:00:00,8.242261562560289,1.266122656622616,1433
52.0,4.7,2008-01-30 03:00:00,8.10044362045216,1.2641624555902018,1433
52.0,4.7,2008-01-30 04:00:00,7.791347390732004,1.2614527832746272,1404
52.0,4.7,2008-01-30 05:00:00,7.392977406042405,1.259659163118763,1150
52.0,4.7,2008-01-30 06:00:00,7.869552261189328,1.2620112190553043,1404
52.0,4.7,2008-01-30 07:00:00,9.09992642682778,1.2662862790602734,2035
52.0,4.7,2008-01-30 08:00:00,9.065237586507811,1.2692154393710027,2035
52.0,4.7,2008-01-30 09:00:00,8.339155312067508,1.2689022998866495,1722
52.0,4.7,2008-01-30 10:00:00,7.966907068296685,1.2660177743357648,1433
52.0,4.7,2008-01-30 11:00:00,7.8341556790805065,1.2647776892152454,1433
52.0,4.7,2008-01-30 12:00:00,8.267592182676719,1.2642147902992023,1722
52.0,4.7,2008-01-30 13:00:00,8.485412295130493,1.26418893605046,1722
52.0,4.7,2008-01-30 14:00:00,8.331198717572715,1.2650936153765269,1722
52.0,4.7,2008-01-30 15:00:00,8.316693873696034,1.2702181644638062,1722
52.0,4.7,2008-01-30 16:00:00,8.329018148529931,1.275019054925262,1722
52.0,4.7,2008-01-30 17:00:00,8.10969641707559,1.2770566888086956,1433
52.0,4.7,2008-01-30 18:00:00,7.701724460016019,1.2773758607929597,1174
52.0,4.7,2008-01-30 19:00:00,7.018925110168116,1.277046081418944,946
52.0,4.7,2008-01-30 20:00:00,6.77968218646559,1.2766295767513602,946
52.0,4.7,2008-01-30 21:00:00,7.054368167967257,1.277209590941793,946
52.0,4.7,2008-01-30 22:00:00,7.735860229748517,1.2773122648988113,1174
52.0,4.7,2008-01-30 23:00:00,8.462715430102945,1.2768857019406337,1722
52.0,4.7,2008-01-31 00:00:00,9.400842379372204,1.276535391571274,2362
52.0,4.7,2008-01-31 01:00:00,10.28952975350767,1.276852199561522,2869
52.0,4.7,2008-01-31 02:00:00,11.122839099015788,1.2784585137997533,3017
52.0,4.7,2008-01-31 03:00:00,11.739960895884945,1.2801341131961332,3056
52.0,4.7,2008-01-31 04:00:00,12.351878338322246,1.2804126922494639,3074
52.0,4.7,2008-01-31 05:00:00,13.190037857182658,1.278795903138894,3075
52.0,4.7,2008-01-31 06:00:00,14.258233604741514,1.2760634841861316,3075
52.0,4.7,2008-01-31 07:00:00,15.516726569119484,1.273272531777973,3075
52.0,4.7,2008-01-31 08:00:00,16.78322137654985,1.2701650001774314,3075
52.0,4.7,2008-01-31 09:00:00,17.762842073695573,1.2661631828292517,3075
52.0,4.7,2008-01-31 10:00:00,18.603442103578836,1.2615732018244417,3075
52.0,4.7,2008-01-31 11:00:00,19.363513186043928,1.2559708013625932,3075
52.0,4.7,2008-01-31 12:00:00,19.86634424008166,1.251164445030601,3075
52.0,4.7,2008-01-31 13:00:00,20.150224456479464,1.2480107024889047,3075
52.0,4.7,2008-01-31 14:00:00,20.14259431063262,1.2447475218598216,3075
52.0,4.7,2008-01-31 15:00:00,19.835260565342697,1.2427300003268673,3075
52.0,4.7,2008-01-31 16:00:00,18.973243397786835,1.239517122393616,3075
52.0,4.7,2008-01-31 17:00:00,17.903136708391703,1.2355570984593864,3075
52.0,4.7,2008-01-31 18:00:00,16.68041192478903,1.2316404942152306,3075
52.0,4.7,2008-01-31 19:00:00,15.95714861137359,1.2275145772656895,3075
52.0,4.7,2008-01-31 20:00:00,15.66572482341387,1.225396625423717,3075
52.0,4.7,2008-01-31 21:00:00,15.929481543274672,1.2243794209511007,3075
52.0,4.7,2008-01-31 22:00:00,16.3402301856892,1.2238285186622386,3075
52.0,4.7,2008-01-31 23:00:00,16.736865309005594,1.2237151657613012,3075
