Latitude,Longitude,GMT,AST,Direct Tilted Irradiance,Diffused Tilted Irradiance,Cell Temperature,Panel Efficiency,Power Generation
52.0,4.7,2008-06-01 00:00:00,0.8420571915541327,-0.0,0.0,14.159234619140648,0.12542123994200985,0.0
52.0,4.7,2008-06-01 01:00:00,1.8420571915541328,-0.0,0.0,13.984399414062523,0.12554829341633178,0.0
52.0,4.7,2008-06-01 02:00:00,2.842057191554133,-0.0,0.0,13.414971923828148,0.12596209875362843,0.0
52.0,4.7,2008-06-01 03:00:00,3.842057191554133,0,1.2194105993637645,13.17839044626205,0.12668179647464026,0.16524033132064983
52.0,4.7,2008-06-01 04:00:00,4.842057191554133,0,29.55940272089338,15.099829524658766,0.1358547790536572,4.211149678003363
52.0,4.7,2008-06-01 05:00:00,5.842057191554133,0,44.37267516449042,16.44755373209838,0.13908082422808818,6.440942635399091
52.0,4.7,2008-06-01 06:00:00,6.842057191554133,0.9475106684873017,52.563578949300776,17.777938893105222,0.1405042575927007,7.931176735069501
52.0,4.7,2008-06-01 07:00:00,7.842057191554133,3.0868914558348157,70.0204620578426,19.576934964870535,0.14330908511466878,11.117284015677722
52.0,4.7,2008-06-01 08:00:00,8.842057191554131,6.139094400632398,93.46447483967262,21.56783392234067,0.14580764229954057,15.37222808931738
52.0,4.7,2008-06-01 09:00:00,9.842057191554131,8.531614982014085,91.61334674615485,22.371549529826527,0.1453525081853493,15.486515535452266
52.0,4.7,2008-06-01 10:00:00,10.842057191554131,26.20028885193006,160.3082978363381,26.785462734847993,0.14779318797591118,28.97804504537082
52.0,4.7,2008-06-01 11:00:00,11.842057191554131,88.94745242367115,116.43251262666881,29.089441214990597,0.14666531786941814,32.08051856947648
52.0,4.7,2008-06-01 12:00:00,12.842057191554131,359.08652015228483,114.9812008003454,40.066793129741505,0.14218614668413285,70.0820212671163
52.0,4.7,2008-06-01 13:00:00,13.842057191554131,499.6303525962769,96.60849530771581,45.21204015962199,0.13912030391626032,85.81459530356472
52.0,4.7,2008-06-01 14:00:00,14.842057191554131,404.70100738174625,94.11132176482101,41.969205828876774,0.14105298718004544,73.05001203343517
52.0,4.7,2008-06-01 15:00:00,15.842057191554131,194.81952918580782,129.9842298934829,35.09474504661776,0.14383201962201428,48.80978402667804
52.0,4.7,2008-06-01 16:00:00,16.842057191554133,72.37296517128412,137.75614527776614,30.292563693702807,0.14582850170628514,32.17234526996068
52.0,4.7,2008-06-01 17:00:00,17.842057191554133,7.644423699667774,95.4122624766109,25.579380884705415,0.14342920434434595,15.8053753312189
52.0,4.7,2008-06-01 18:00:00,18.842057191554133,0,50.28426405930541,22.397979974603118,0.13658532133609994,7.369008064219136
52.0,4.7,2008-06-01 19:00:00,19.842057191554133,0,9.729130651780842,17.886491773012313,0.12682255970287995,1.3019157737792595
52.0,4.7,2008-06-01 20:00:00,20.842057191554133,-0.0,0.0,16.176141357421898,0.1239555453848558,0.0
52.0,4.7,2008-06-01 21:00:00,21.842057191554133,-0.0,0.0,15.837365722656273,0.12420173505468433,0.0
52.0,4.7,2008-06-01 22:00:00,22.842057191554133,-0.0,0.0,15.541680908203148,0.12441661044527694,0.0
52.0,4.7,2008-06-01 23:00:00,0.34205719155413195,-0.0,0.0,15.204705810546898,0.12466149165726204,0.0
52.0,4.7,2008-06-02 00:00:00,0.8395211964743013,-0.0,0.0,14.754663085937523,0.12498853958636402,0.0
52.0,4.7,2008-06-02 01:00:00,1.8395211964743015,-0.0,0.0,14.055383300781273,0.1254967091291485,0.0
52.0,4.7,2008-06-02 02:00:00,2.8395211964743012,-0.0,0.0,13.435876464843773,0.12594690733629374,0.0
52.0,4.7,2008-06-02 03:00:00,3.8395211964743012,0,1.7253650054196525,13.237053857806258,0.12686667910431443,0.2348979925927353
52.0,4.7,2008-06-02 04:00:00,4.839521196474301,0,45.332581191028716,17.013937864865774,0.13911648135200858,6.693652417167251
52.0,4.7,2008-06-02 05:00:00,5.839521196474301,0,109.95761328975698,22.61218791224275,0.14637900867025874,17.25769131656887
52.0,4.7,2008-06-02 06:00:00,6.839521196474301,70.36059636239152,150.0840723338798,28.89378039928691,0.147072997919556,34.313037701682
52.0,4.7,2008-06-02 07:00:00,7.839521196474301,213.02269405701614,151.97142896890355,36.821461472029405,0.143104665156286,54.63548402533398
52.0,4.7,2008-06-02 08:00:00,8.839521196474301,355.75232016282604,138.3712587088789,43.21817971789784,0.1401043753481689,71.93137350936047
52.0,4.7,2008-06-02 09:00:00,9.839521196474301,383.1816604379649,117.4283626690316,44.30517985016643,0.13937230498453118,72.44457599554897
52.0,4.7,2008-06-02 10:00:00,10.839521196474301,349.3060758728562,115.92130233079166,43.09667717854606,0.1398799816348464,67.64561761914838
52.0,4.7,2008-06-02 11:00:00,11.839521196474301,335.309675182366,109.1549367680279,42.02317934398875,0.1404038203514994,64.93099614503858
52.0,4.7,2008-06-02 12:00:00,12.839521196474301,360.8438497911299,110.0045290552057,42.68348408261454,0.1402444239681184,68.61484666353012
52.0,4.7,2008-06-02 13:00:00,13.839521196474301,242.7742957936615,174.31986344199302,40.205600580342065,0.14133804873440586,61.208872596032776
52.0,4.7,2008-06-02 14:00:00,14.839521196474301,119.52539627867604,156.59145693111827,34.92969193103891,0.14339335029185116,41.39571583035427
52.0,4.7,2008-06-02 15:00:00,15.839521196474301,61.62071114420897,152.24149173335968,32.38160281341158,0.14436324430352535,32.245738207983955
52.0,4.7,2008-06-02 16:00:00,16.8395211964743,16.88793512944936,91.29507856652474,27.899627089784524,0.1421258721976135,16.174677769737627
52.0,4.7,2008-06-02 17:00:00,17.8395211964743,0.9163885505521119,50.07038826813045,24.55407712043385,0.1349199676379431,7.221122427047388
52.0,4.7,2008-06-02 18:00:00,18.8395211964743,0,20.949013987123354,22.38741409493963,0.12766017660638523,2.7867029810389448
52.0,4.7,2008-06-02 19:00:00,19.8395211964743,0,3.3726697399352696,20.98190242509989,0.12192205726314599,0.4285741672852479
52.0,4.7,2008-06-02 20:00:00,20.8395211964743,-0.0,0.0,20.255426025390648,0.1209911121656883,0.0
52.0,4.7,2008-06-02 21:00:00,21.8395211964743,-0.0,0.0,19.651361083984398,0.12143008868353226,0.0
52.0,4.7,2008-06-02 22:00:00,22.8395211964743,-0.0,0.0,19.125085449218773,0.12181253538708985,0.0
52.0,4.7,2008-06-02 23:00:00,0.3395211964743005,-0.0,0.0,18.569421386718773,0.12221633878392237,0.0
52.0,4.7,2008-06-03 00:00:00,0.8369149351762918,-0.0,0.0,18.272668457031273,0.12243199037832038,0.0
52.0,4.7,2008-06-03 01:00:00,1.836914935176292,-0.0,0.0,17.908624267578148,0.12269654281246005,0.0
52.0,4.7,2008-06-03 02:00:00,2.8369149351762917,-0.0,0.0,17.623773193359398,0.12290354527874053,0.0
52.0,4.7,2008-06-03 03:00:00,3.8369149351762917,0,0.654884382234608,17.66888764858728,0.12316507079574705,0.08603794327072091
52.0,4.7,2008-06-03 04:00:00,4.836914935176292,0,17.080596040646643,19.176604015972703,0.12860878182798033,2.28454376564372
52.0,4.7,2008-06-03 05:00:00,5.836914935176292,0,42.036640651803445,20.67770352369375,0.1353905361085768,5.941818547407257
52.0,4.7,2008-06-03 06:00:00,6.836914935176292,1.9312123353863502,72.70878003969287,22.257692976980174,0.14150515719305748,11.098338902096378
52.0,4.7,2008-06-03 07:00:00,7.836914935176292,10.318184431585848,113.06451238271201,24.25088725460668,0.14628303346189953,19.04224400445147
52.0,4.7,2008-06-03 08:00:00,8.83691493517629,28.620383233760595,177.98589111459012,27.111696539365024,0.1480529916711253,32.02672853279126
52.0,4.7,2008-06-03 09:00:00,9.83691493517629,39.002718697685474,156.80016728144082,26.923771970161443,0.14796446531094165,30.532245864413667
52.0,4.7,2008-06-03 10:00:00,10.83691493517629,160.72065149285478,225.25032848531927,33.59990864597127,0.14571446939077293,58.56253735793969
52.0,4.7,2008-06-03 11:00:00,11.83691493517629,368.55741564693466,109.85871518150057,37.31304316766237,0.14423340845213808,71.70873920358581
52.0,4.7,2008-06-03 12:00:00,12.83691493517629,413.02315382573215,106.34095427854623,39.01259564783215,0.14336607781230826,77.17825180479815
52.0,4.7,2008-06-03 13:00:00,13.83691493517629,402.49848936851896,106.30483397068117,39.112233159088994,0.1432110357659306,75.54050141882354
52.0,4.7,2008-06-03 14:00:00,14.83691493517629,324.69130204420804,126.56062837314087,37.375064929739814,0.143856740588203,67.3912492467299
52.0,4.7,2008-06-03 15:00:00,15.83691493517629,220.14665227928847,122.07774373786786,33.46216075073851,0.14523335643412777,51.88775174664528
52.0,4.7,2008-06-03 16:00:00,16.836914935176292,107.41860501888242,116.39537033104699,29.003760346087432,0.14703526557638885,34.68728101978399
52.0,4.7,2008-06-03 17:00:00,17.836914935176292,11.792204168498364,87.9101355652779,23.879813408567518,0.14442635010775282,15.604260470053973
52.0,4.7,2008-06-03 18:00:00,18.836914935176292,0,49.751114937027594,20.49078476396614,0.13794138869110087,7.4241273657753055
52.0,4.7,2008-06-03 19:00:00,19.836914935176292,0,9.893350230921333,16.982781092364966,0.12756941491267337,1.3400004378658785
52.0,4.7,2008-06-03 20:00:00,20.836914935176292,-0.0,0.0,15.286828613281273,0.12460181267325082,0.0
52.0,4.7,2008-06-03 21:00:00,21.836914935176292,-0.0,0.0,14.518457031250023,0.12516019151362037,0.0
52.0,4.7,2008-06-03 22:00:00,22.836914935176292,-0.0,0.0,13.856896972656273,0.12564094997344766,0.0
52.0,4.7,2008-06-03 23:00:00,0.336914935176291,-0.0,0.0,13.674829101562523,0.12577325945639486,0.0
52.0,4.7,2008-06-04 00:00:00,0.8342426675291181,-0.0,0.0,13.884179687500023,0.125621123510532,0.0
52.0,4.7,2008-06-04 01:00:00,1.8342426675291181,-0.0,0.0,14.303247070312523,0.12531658549178729,0.0
52.0,4.7,2008-06-04 02:00:00,2.8342426675291184,-0.0,0.0,14.536462402343773,0.1251471069351861,0.0
52.0,4.7,2008-06-04 03:00:00,3.8342426675291184,0,0.9640582736466966,14.71731791588053,0.1254487327878787,0.12917342005562657
52.0,4.7,2008-06-04 04:00:00,4.834242667529118,0,20.72227271893303,15.868074155698945,0.13231766549051305,2.856559003741396
52.0,4.7,2008-06-04 05:00:00,5.834242667529118,0,61.30037974233031,18.23480108737738,0.14174119910651514,9.051650258006005
52.0,4.7,2008-06-04 06:00:00,6.834242667529118,6.12397196231023,115.54807298476989,21.85141099137709,0.1478000381355586,18.83606452310451
52.0,4.7,2008-06-04 07:00:00,7.834242667529118,28.676465506286515,195.1116935269811,26.98334538913366,0.14845464207580591,34.57534923444032
52.0,4.7,2008-06-04 08:00:00,8.834242667529118,92.5693458153578,208.7503964756588,31.411449381458723,0.14622729138766705,45.96824366129
52.0,4.7,2008-06-04 09:00:00,9.834242667529118,353.3740899714166,123.62500451669233,39.42601711747364,0.14268804873696092,70.80836677518653
52.0,4.7,2008-06-04 10:00:00,10.834242667529118,550.3804289320348,95.38044622950441,45.798243434341835,0.13858766654520344,92.48118448172524
52.0,4.7,2008-06-04 11:00:00,11.834242667529118,566.3018809935992,90.92761650766631,46.02596943720908,0.13838055827280382,93.89240960815505
52.0,4.7,2008-06-04 12:00:00,12.834242667529118,546.1517382718963,90.65677435458878,44.924981676931544,0.13925447399216542,91.57138323936424
52.0,4.7,2008-06-04 13:00:00,13.834242667529118,459.62360634926586,94.25244519260139,41.441082713102865,0.1417902021001302,81.28135404645901
52.0,4.7,2008-06-04 14:00:00,14.834242667529118,334.4654853084728,115.9337925497792,37.25957986802224,0.14393063294919686,67.30936808744553
52.0,4.7,2008-06-04 15:00:00,15.834242667529118,197.9929721625434,115.84521214432483,31.908387690101012,0.1460188904929619,47.91381893982339
52.0,4.7,2008-06-04 16:00:00,16.834242667529118,66.03317429538342,132.41219840679554,26.81473278467628,0.1480860201098614,30.8181495896502
52.0,4.7,2008-06-04 17:00:00,17.834242667529118,4.221521387170569,84.92763450977075,21.82570981768859,0.14418933879074383,13.564969799500911
52.0,4.7,2008-06-04 18:00:00,18.834242667529118,0,42.93413070416632,18.981381693762437,0.13695798053438682,6.1897643923351175
52.0,4.7,2008-06-04 19:00:00,19.834242667529118,0,8.92573082126024,16.308392601020458,0.12763267399691558,1.1972354108652035
52.0,4.7,2008-06-04 20:00:00,20.834242667529118,-0.0,0.0,14.858026123046898,0.12491342523525067,0.0
52.0,4.7,2008-06-04 21:00:00,21.834242667529118,-0.0,0.0,14.038446044921898,0.12550901750377738,0.0
52.0,4.7,2008-06-04 22:00:00,22.834242667529118,-0.0,0.0,13.439477539062523,0.1259442904206069,0.0
52.0,4.7,2008-06-04 23:00:00,0.33424266752911735,-0.0,0.0,13.389916992187523,0.12598030627717852,0.0
52.0,4.7,2008-06-05 00:00:00,0.831508672519904,-0.0,0.0,13.735528564453148,0.12572914890299527,0.0
52.0,4.7,2008-06-05 01:00:00,1.8315086725199041,-0.0,0.0,13.847955322265648,0.12564744790816162,0.0
52.0,4.7,2008-06-05 02:00:00,2.831508672519904,-0.0,0.0,13.701440429687523,0.12575392089301407,0.0
52.0,4.7,2008-06-05 03:00:00,3.831508672519904,0,1.115323196476563,13.766733146500584,0.12620737585210656,0.15044565114950134
52.0,4.7,2008-06-05 04:00:00,4.831508672519904,0,25.2362596679512,15.220093219163035,0.13432389192240818,3.5343538307941422
52.0,4.7,2008-06-05 05:00:00,5.831508672519904,0,66.06297450929804,17.564479238236533,0.14321560160516847,9.868101541756989
52.0,4.7,2008-06-05 06:00:00,6.831508672519904,1.8316009234431132,85.87718258450148,19.354470577006737,0.14570294814155577,13.409481489093313
52.0,4.7,2008-06-05 07:00:00,7.831508672519904,4.934334242035132,99.17995843019625,20.9345542422896,0.1467903294044138,16.156500972663302
52.0,4.7,2008-06-05 08:00:00,8.831508672519902,6.022985452766237,104.599027925762,21.552159436067573,0.14705645066700984,17.198333712662507
52.0,4.7,2008-06-05 09:00:00,9.831508672519902,6.975151033725308,95.24508125553275,21.478837613308194,0.14625614913219268,15.913365555891799
52.0,4.7,2008-06-05 10:00:00,10.831508672519902,12.225667326785487,134.89305206899968,23.46876230320622,0.14855196835311418,23.07714416238572
52.0,4.7,2008-06-05 11:00:00,11.831508672519902,15.56973589147495,134.89492934505122,23.774393765780165,0.14852274089554404,23.606236581840598
52.0,4.7,2008-06-05 12:00:00,12.831508672519902,49.20791229057111,203.24239476105996,28.26191895083484,0.14796984098298932,39.18957087774724
52.0,4.7,2008-06-05 13:00:00,13.831508672519902,55.344656717190986,202.20859629097026,28.60681001065383,0.14777551523582605,39.843558904993806
52.0,4.7,2008-06-05 14:00:00,14.831508672519902,30.833303788276513,147.43206571377095,25.746117835600888,0.1482849054521302,27.803218516645806
52.0,4.7,2008-06-05 15:00:00,15.831508672519902,14.913616675936538,118.90704937615476,23.745157634561487,0.14742133572377342,20.69796420775806
52.0,4.7,2008-06-05 16:00:00,16.831508672519902,6.207309726384458,76.75642349192199,21.44096880396132,0.1435227456416053,12.548941512605829
52.0,4.7,2008-06-05 17:00:00,17.831508672519902,0.7244984496293979,56.7163204226836,19.79058686454596,0.13985391078675272,8.419229642921753
52.0,4.7,2008-06-05 18:00:00,18.831508672519902,0,31.94230968900106,17.957968190275796,0.13446151193588188,4.47864599631001
52.0,4.7,2008-06-05 19:00:00,19.831508672519902,0,7.485286752771787,16.018909033984617,0.1272430765618325,0.9955034574114126
52.0,4.7,2008-06-05 20:00:00,20.831508672519902,-0.0,0.0,14.856652832031273,0.12491442321157194,0.0
52.0,4.7,2008-06-05 21:00:00,21.831508672519902,-0.0,0.0,14.635797119140648,0.12507491998128178,0.0
52.0,4.7,2008-06-05 22:00:00,22.831508672519902,-0.0,0.0,14.516809082031273,0.12516138908520588,0.0
52.0,4.7,2008-06-05 23:00:00,0.3315086725199032,-0.0,0.0,14.376184082031273,0.12526358186050268,0.0
52.0,4.7,2008-06-06 00:00:00,0.8287172446609424,-0.0,0.0,14.265405273437523,0.12534408528375082,0.0
52.0,4.7,2008-06-06 01:00:00,1.8287172446609425,-0.0,0.0,14.162011718750023,0.12541922181211576,0.0
52.0,4.7,2008-06-06 02:00:00,2.8287172446609423,-0.0,0.0,14.094689941406273,0.12546814482910895,0.0
52.0,4.7,2008-06-06 03:00:00,3.8287172446609423,0,0.8399858463050682,14.148478244952425,0.12580673962470945,0.11289875717002915
52.0,4.7,2008-06-06 04:00:00,4.828717244660942,0,20.341950377296694,15.171638275519577,0.13269209618881694,2.81241391803401
52.0,4.7,2008-06-06 05:00:00,5.828717244660942,0,58.96261444725542,17.333257674258068,0.14190788525693265,8.724294238513515
52.0,4.7,2008-06-06 06:00:00,6.828717244660942,5.262107214392153,100.08734410819146,20.467596684517666,0.14717354154790388,16.25807363503033
52.0,4.7,2008-06-06 07:00:00,7.828717244660942,43.9027780489712,193.03100309925603,27.447235578986515,0.14832707569968692,36.586687671326445
52.0,4.7,2008-06-06 08:00:00,8.828717244660941,405.2335266909398,113.5183302223418,40.86247110198353,0.14202792537323544,76.58170507737965
52.0,4.7,2008-06-06 09:00:00,9.828717244660941,596.7626360268483,75.1438055457645,47.344484988064195,0.13735764348312635,95.38763759096736
52.0,4.7,2008-06-06 10:00:00,10.828717244660941,718.1754197320141,68.40530743076772,52.2733255054913,0.13351230796071556,108.1863669981311
52.0,4.7,2008-06-06 11:00:00,11.828717244660941,777.6040194222998,63.46025149959548,55.0122276258873,0.1317175182719536,113.96910325208931
52.0,4.7,2008-06-06 12:00:00,12.828717244660941,768.0410711970897,59.12353061277085,55.24005364721562,0.13148419381505355,111.91097768909485
52.0,4.7,2008-06-06 13:00:00,13.828717244660941,686.4814837901105,55.77497765028244,52.45716002729373,0.133391544718579,102.0809663749081
52.0,4.7,2008-06-06 14:00:00,14.828717244660941,516.536371037166,58.078373483242174,46.15454662515231,0.13842252713801909,82.39430102672846
52.0,4.7,2008-06-06 15:00:00,15.828717244660941,321.2416311813377,68.30684937899977,38.86943397268804,0.14195117527737675,57.74148745187284
52.0,4.7,2008-06-06 16:00:00,16.828717244660943,86.09249928634091,112.65549267589094,30.69141376437717,0.1452932307462451,30.387819856312948
52.0,4.7,2008-06-06 17:00:00,17.828717244660943,4.639754813944148,80.3850472183145,25.297790115044883,0.14111930340254672,12.724214189982117
52.0,4.7,2008-06-06 18:00:00,18.828717244660943,0,36.79198509723704,21.966527784205773,0.13309807373843122,5.162349591624953
52.0,4.7,2008-06-06 19:00:00,19.828717244660943,0,7.908050726368201,19.36265866342312,0.1250118466732836,1.0421280093634604
52.0,4.7,2008-06-06 20:00:00,20.828717244660943,-0.0,0.0,18.419641113281273,0.12232518473469421,0.0
52.0,4.7,2008-06-06 21:00:00,21.828717244660943,-0.0,0.0,18.235803222656273,0.12245878049823328,0.0
52.0,4.7,2008-06-06 22:00:00,22.828717244660943,-0.0,0.0,17.566491699218773,0.12294517197996276,0.0
52.0,4.7,2008-06-06 23:00:00,0.32871724466094165,-0.0,0.0,16.818841552734398,0.12348849246650713,0.0
52.0,4.7,2008-06-07 00:00:00,0.8258726906844888,-0.0,0.0,15.848535156250023,0.12419361818060476,0.0
52.0,4.7,2008-06-07 01:00:00,1.8258726906844889,-0.0,0.0,14.778161621093773,0.12497146310264473,0.0
52.0,4.7,2008-06-07 02:00:00,2.825872690684489,-0.0,0.0,13.877099609375023,0.12562626863289938,0.0
52.0,4.7,2008-06-07 03:00:00,3.825872690684489,0,3.764705578967413,13.506621240417092,0.12752909545867447,0.5031245162805055
52.0,4.7,2008-06-07 04:00:00,4.825872690684489,0,48.436712004464155,17.109457213907028,0.13982805888083977,7.18213215061206
52.0,4.7,2008-06-07 05:00:00,5.825872690684489,0,111.28393406504831,21.23367987781779,0.14740606540155288,17.41710854507702
52.0,4.7,2008-06-07 06:00:00,6.825872690684489,24.881802619380636,162.27522613202171,25.290132534425894,0.14888366143451423,29.211665551604995
52.0,4.7,2008-06-07 07:00:00,7.825872690684489,83.27526553855593,212.52114094493072,30.61228309113045,0.14674245054792004,45.24420947536332
52.0,4.7,2008-06-07 08:00:00,8.825872690684488,180.29845149392244,200.41075514921522,35.02748674333427,0.1446061914681042,57.35837336219937
52.0,4.7,2008-06-07 09:00:00,9.825872690684488,229.9453365771301,204.78810862604098,37.53691038743447,0.1435303901288793,64.88563705533146
52.0,4.7,2008-06-07 10:00:00,10.825872690684488,234.79084061771383,123.75476863082784,35.55661102805925,0.14395077077638033,54.15262349840483
52.0,4.7,2008-06-07 11:00:00,11.825872690684488,215.75378821294657,112.60765758455956,34.97367311780299,0.14399151527536533,49.73839846996006
52.0,4.7,2008-06-07 12:00:00,12.825872690684488,235.90017324875336,114.66821937904561,36.303267286563305,0.1432986369481836,52.68437144091381
52.0,4.7,2008-06-07 13:00:00,13.825872690684488,307.27052285605964,113.6489817939633,39.31736615760215,0.14206050548989535,62.33362654634992
52.0,4.7,2008-06-07 14:00:00,14.825872690684488,392.19000944907964,88.51483607145295,41.71821311071182,0.14105290391978062,70.40519349870107
52.0,4.7,2008-06-07 15:00:00,15.825872690684488,308.8919594851073,76.99558864867404,37.91527283751003,0.1425935132924202,57.46649648316613
52.0,4.7,2008-06-07 16:00:00,16.825872690684488,159.64947061663494,74.24714463978955,31.686683700481876,0.14526418943593805,36.01789133801148
52.0,4.7,2008-06-07 17:00:00,17.825872690684488,20.01492575536936,69.25671893565584,25.301471795976553,0.14234681095815704,14.131740471683
52.0,4.7,2008-06-07 18:00:00,18.825872690684488,0,46.79573561649433,22.08271600757699,0.13626157885160184,7.026498104564582
52.0,4.7,2008-06-07 19:00:00,19.825872690684488,0,11.375720687497257,17.59058620415876,0.12776989138838643,1.5615199112985056
52.0,4.7,2008-06-07 20:00:00,20.825872690684488,-0.0,0.0,15.480340576171898,0.1244611867209598,0.0
52.0,4.7,2008-06-07 21:00:00,21.825872690684488,-0.0,0.0,14.719384765625023,0.12501417648919458,0.0
52.0,4.7,2008-06-07 22:00:00,22.825872690684488,-0.0,0.0,14.023004150390648,0.12552023919307864,0.0
52.0,4.7,2008-06-07 23:00:00,0.32587269068448804,-0.0,0.0,13.384606933593773,0.12598416511895402,0.0
52.0,4.7,2008-06-08 00:00:00,0.8229793265197313,-0.0,0.0,12.814843750000023,0.12639821440601812,0.0
52.0,4.7,2008-06-08 01:00:00,1.8229793265197314,-0.0,0.0,12.296472167968773,0.1267749172014156,0.0
52.0,4.7,2008-06-08 02:00:00,2.8229793265197314,-0.0,0.0,11.892846679687523,0.12706823353085908,0.0
52.0,4.7,2008-06-08 03:00:00,3.8229793265197314,0,4.013266691809259,11.872367485129674,0.12882498258044067,0.5426945721429186
52.0,4.7,2008-06-08 04:00:00,4.822979326519731,0,48.98604070916486,16.00421807603331,0.14083863345595798,7.358621686947623
52.0,4.7,2008-06-08 05:00:00,5.822979326519731,0,103.71749611946228,20.43166426062678,0.14738573352242557,16.537659864537794
52.0,4.7,2008-06-08 06:00:00,6.822979326519731,84.96219904020766,130.52013869515767,26.785253749798812,0.14853045969852188,33.99772441054121
52.0,4.7,2008-06-08 07:00:00,7.822979326519731,244.85836443800204,117.46051664595863,34.333503179003706,0.1448841373121218,54.999247827257214
52.0,4.7,2008-06-08 08:00:00,8.82297932651973,426.3177766281466,83.0692761752702,41.387151353413415,0.14157479819843605,74.97681931812251
52.0,4.7,2008-06-08 09:00:00,9.82297932651973,583.3342305436167,75.19306302337088,48.15983546604784,0.13682166597139495,93.12096933000493
52.0,4.7,2008-06-08 10:00:00,10.82297932651973,670.8620526181163,72.65895592969476,52.01799391184297,0.1337087649415025,102.45529424335278
52.0,4.7,2008-06-08 11:00:00,11.82297932651973,677.727769011469,73.80424793034386,52.446463971046875,0.13338466456597686,103.23252882203943
52.0,4.7,2008-06-08 12:00:00,12.82297932651973,623.6363478968628,75.4742320806474,50.41908668729539,0.13501454683037334,97.28410183127797
52.0,4.7,2008-06-08 13:00:00,13.82297932651973,555.2755669666848,72.62667643901923,47.78139634377408,0.13720488287698884,88.9609404352567
52.0,4.7,2008-06-08 14:00:00,14.82297932651973,486.4534345171894,61.8900581559748,44.79945505645085,0.1393290983837671,79.14480140040992
52.0,4.7,2008-06-08 15:00:00,15.82297932651973,344.2202196930942,54.45487729342768,39.125391793203065,0.14189370467129753,59.056876868103636
52.0,4.7,2008-06-08 16:00:00,16.82297932651973,188.67937629812218,48.544407018891604,32.91752033739291,0.14442614283197536,36.410238792471695
52.0,4.7,2008-06-08 17:00:00,17.82297932651973,23.495400471635953,55.56532120855985,26.313537857613436,0.1402657994065297,12.535142828798277
52.0,4.7,2008-06-08 18:00:00,18.82297932651973,0,41.1707071026439,22.570863613504475,0.13456363894231868,6.195630316317338
52.0,4.7,2008-06-08 19:00:00,19.82297932651973,0,10.77109440481854,18.49259704580312,0.12687175437796694,1.4677382590320156
52.0,4.7,2008-06-08 20:00:00,20.82297932651973,-0.0,0.0,16.558557128906273,0.12367764224526287,0.0
52.0,4.7,2008-06-08 21:00:00,21.82297932651973,-0.0,0.0,15.742669677734398,0.12427055106634796,0.0
52.0,4.7,2008-06-08 22:00:00,22.82297932651973,-0.0,0.0,15.120019531250023,0.12472303353040626,0.0
52.0,4.7,2008-06-08 23:00:00,0.32297932651973044,-0.0,0.0,14.546350097656273,0.12513992150567305,0.0
52.0,4.7,2008-06-09 00:00:00,0.8200414745447248,-0.0,0.0,13.891564941406273,0.1256157566156488,0.0
52.0,4.7,2008-06-09 01:00:00,1.8200414745447249,-0.0,0.0,13.293145751953148,0.1260506303419498,0.0
52.0,4.7,2008-06-09 02:00:00,2.820041474544725,-0.0,0.0,12.818383789062523,0.12639564184483443,0.0
52.0,4.7,2008-06-09 03:00:00,3.820041474544725,0,4.323698373027659,12.637458915315076,0.12840314406652253,0.5836124939795239
52.0,4.7,2008-06-09 04:00:00,4.820041474544725,0,50.058127116868896,16.14701652657355,0.1410434583722157,7.557491565619719
52.0,4.7,2008-06-09 05:00:00,5.820041474544725,0,99.81314485190575,20.587101676753058,0.1469020123622968,15.980773375888647
52.0,4.7,2008-06-09 06:00:00,6.820041474544725,96.10405667246432,119.71612515578084,27.225440478816605,0.14822625010169446,34.06197547041017
52.0,4.7,2008-06-09 07:00:00,7.820041474544725,269.23319081961785,99.7341307463854,35.443377093351515,0.14417372030785885,55.7820918500432
52.0,4.7,2008-06-09 08:00:00,8.820041474544723,456.4012121767024,74.00852760463238,43.09184000686636,0.140485093903814,77.43289962930471
52.0,4.7,2008-06-09 09:00:00,9.820041474544723,618.5581580094413,67.09390169639879,49.7956691401939,0.13551806683492806,95.98734821146414
52.0,4.7,2008-06-09 10:00:00,10.820041474544723,736.2347264293212,62.06884551060774,54.6766754097967,0.131789708376525,108.34005299648399
52.0,4.7,2008-06-09 11:00:00,11.820041474544723,793.1220162790057,57.83244443117417,57.058333023224094,0.1302813269325563,114.01518456170277
52.0,4.7,2008-06-09 12:00:00,12.820041474544723,782.5186026802384,53.48495118926821,56.484170934182025,0.13062145537327424,112.32650151424677
52.0,4.7,2008-06-09 13:00:00,13.820041474544723,706.5990137013722,48.7750490891543,53.33329427550571,0.1327346907423366,103.33163526881285
52.0,4.7,2008-06-09 14:00:00,14.820041474544723,562.5339319857214,46.80164592732789,47.71535249298983,0.13728879630996513,86.58334897275093
52.0,4.7,2008-06-09 15:00:00,15.820041474544723,344.1324578891926,52.55268262022781,39.41195871712092,0.14165661994734405,58.65869193281011
52.0,4.7,2008-06-09 16:00:00,16.820041474544723,170.76649273451216,56.03341329131433,32.485269824879516,0.14457726569420415,34.780099775470966
52.0,4.7,2008-06-09 17:00:00,17.820041474544723,20.81645165913875,60.46265620213333,26.11061454782658,0.14056901262777255,12.714225653739536
52.0,4.7,2008-06-09 18:00:00,18.820041474544723,0,39.661415512190885,22.448192315182506,0.13435341229702036,6.027043948364444
52.0,4.7,2008-06-09 19:00:00,19.820041474544723,0,10.791541099400588,18.292159206803927,0.12708096733688434,1.4918256640815637
52.0,4.7,2008-06-09 20:00:00,20.820041474544723,-0.0,0.0,16.279992675781273,0.12388007619771713,0.0
52.0,4.7,2008-06-09 21:00:00,21.820041474544723,-0.0,0.0,15.447381591796898,0.12448513815266997,0.0
52.0,4.7,2008-06-09 22:00:00,22.820041474544723,-0.0,0.0,14.654504394531273,0.1250613253260611,0.0
52.0,4.7,2008-06-09 23:00:00,0.320041474544724,-0.0,0.0,13.970910644531273,0.12555809576153168,0.0
52.0,4.7,2008-06-10 00:00:00,0.8170634611044769,-0.0,0.0,13.287042236328148,0.1260550657922665,0.0
52.0,4.7,2008-06-10 01:00:00,1.8170634611044771,-0.0,0.0,12.635278320312523,0.12652870535433547,0.0
52.0,4.7,2008-06-10 02:00:00,2.817063461104477,-0.0,0.0,12.037530517578148,0.12696309118110166,0.0
52.0,4.7,2008-06-10 03:00:00,3.817063461104477,0,4.5457268168500855,11.993720870831911,0.12896605886725404,0.616664970966806
52.0,4.7,2008-06-10 04:00:00,4.817063461104477,0,51.009984420472136,16.2082672730984,0.14123824910885563,7.716186955593024
52.0,4.7,2008-06-10 05:00:00,5.817063461104477,0,100.7239796857922,21.10498814888359,0.14663945984098448,16.103623740688807
52.0,4.7,2008-06-10 06:00:00,6.817063461104477,94.65477277640981,122.22207131207522,26.645342272383584,0.14866599773602468,34.32089917397898
52.0,4.7,2008-06-10 07:00:00,7.817063461104477,258.13015617759123,109.83585089332381,33.15242832319381,0.14582272799155158,56.245800261664186
52.0,4.7,2008-06-10 08:00:00,8.817063461104476,351.2080604706893,117.35361268603779,37.31283104243389,0.14412633553351614,70.24494230806185
52.0,4.7,2008-06-10 09:00:00,9.817063461104476,445.11461744360975,96.2360897764663,40.449543665409735,0.14246120676768842,80.01062218515436
52.0,4.7,2008-06-10 10:00:00,10.817063461104476,622.8363635549723,78.48695037276543,45.99190090082419,0.1382185209849968,100.05374323209712
52.0,4.7,2008-06-10 11:00:00,11.817063461104476,733.0472430848802,66.53832077239049,48.82883822343156,0.13604195548193343,111.9741137256135
52.0,4.7,2008-06-10 12:00:00,12.817063461104476,752.6324124926285,58.529928566024076,48.57299689134342,0.13626300786336235,113.73042537741269
52.0,4.7,2008-06-10 13:00:00,13.817063461104476,684.5101586712807,52.747719238313515,45.602084694191674,0.1383846739715766,105.16470445201092
52.0,4.7,2008-06-10 14:00:00,14.817063461104476,561.2394784905665,47.09517462918528,40.930471777599514,0.14222087083242843,89.54225260344239
52.0,4.7,2008-06-10 15:00:00,15.817063461104476,392.83489098089024,42.52643332594433,34.67921479630108,0.14563571236717926,66.15767691377658
52.0,4.7,2008-06-10 16:00:00,16.817063461104475,202.74051811427225,39.765064096283645,27.560068596921614,0.1483959772835485,38.28865854649827
52.0,4.7,2008-06-10 17:00:00,17.817063461104475,26.618034878643012,47.175365429836894,20.844485967786856,0.14355501675754917,12.171757122805731
52.0,4.7,2008-06-10 18:00:00,18.817063461104475,0,38.075529016036285,17.671663112379,0.13751409008983262,6.002559056527128
52.0,4.7,2008-06-10 19:00:00,19.817063461104475,0,11.06240695105502,14.473232958815151,0.12997446721300066,1.5671430299544988
52.0,4.7,2008-06-10 20:00:00,20.817063461104475,-0.0,0.0,12.482934570312523,0.12663941419424035,0.0
52.0,4.7,2008-06-10 21:00:00,21.817063461104475,-0.0,0.0,11.620263671875023,0.12726632074200295,0.0
52.0,4.7,2008-06-10 22:00:00,22.817063461104475,-0.0,0.0,10.876153564453148,0.12780706866736363,0.0
52.0,4.7,2008-06-10 23:00:00,0.3170634611044762,-0.0,0.0,10.262689208984398,0.12825287577869532,0.0
52.0,4.7,2008-06-11 00:00:00,0.8140496142848349,-0.0,0.0,9.877984619140648,0.128532442212157,0.0
52.0,4.7,2008-06-11 01:00:00,1.814049614284835,-0.0,0.0,10.408410644531273,0.12814697940238406,0.0
52.0,4.7,2008-06-11 02:00:00,2.8140496142848352,-0.0,0.0,11.821984863281273,0.12711972910903596,0.0
52.0,4.7,2008-06-11 03:00:00,3.8140496142848352,0,2.664730412709107,12.551856924695912,0.1277506457246966,0.3560838987659084
52.0,4.7,2008-06-11 04:00:00,4.814049614284835,0,30.02237769514783,14.788991584998774,0.13623666924623132,4.2940718905610264
52.0,4.7,2008-06-11 05:00:00,5.814049614284835,0,83.67190961027481,18.382443884902507,0.14580720482510265,12.8093838165879
52.0,4.7,2008-06-11 06:00:00,6.814049614284835,18.94055362508678,138.57133282820894,22.211079976424482,0.1499662704683312,24.763792279250627
52.0,4.7,2008-06-11 07:00:00,7.814049614284835,239.0494729461468,130.22549865091713,30.645945010902906,0.14766017948297072,57.132650901362304
52.0,4.7,2008-06-11 08:00:00,8.814049614284833,446.23378164750886,78.5686541481659,35.69854876570508,0.14582398509811614,79.57134571035593
52.0,4.7,2008-06-11 09:00:00,9.814049614284833,595.8583229681868,72.47101617066636,40.067352320732795,0.14266081445745468,98.56175763034416
52.0,4.7,2008-06-11 10:00:00,10.814049614284833,707.0155991162452,67.37816021828793,43.29370376378515,0.14002512568821188,111.74180939755296
52.0,4.7,2008-06-11 11:00:00,11.814049614284833,753.7393375970511,64.26049204993427,44.569690558755916,0.13919921060398774,117.19063852017253
52.0,4.7,2008-06-11 12:00:00,12.814049614284833,736.4948133730873,61.05187259941296,43.75362469200416,0.13972507564949294,114.7245746756653
52.0,4.7,2008-06-11 13:00:00,13.814049614284833,658.7351336722602,57.36412423813072,40.87959767740442,0.14187873769224607,104.8016932959403
52.0,4.7,2008-06-11 14:00:00,14.814049614284833,522.1999306696068,54.725047382625604,36.155471959208576,0.1456924007412291,87.07176205089048
52.0,4.7,2008-06-11 15:00:00,15.814049614284833,352.61150130016136,52.78955650668657,30.414014024718224,0.14832316521722377,62.808439736703264
52.0,4.7,2008-06-11 16:00:00,16.814049614284833,176.76548728782362,54.34046525544832,24.43057294232424,0.15050556251997813,36.97770243207097
52.0,4.7,2008-06-11 17:00:00,17.814049614284833,23.996078684841855,57.26564372702254,18.870808590238525,0.14601620695280162,13.39851573225289
52.0,4.7,2008-06-11 18:00:00,18.814049614284833,0,40.93409864640281,15.983100215242256,0.13942638614131814,6.461422227264567
52.0,4.7,2008-06-11 19:00:00,19.814049614284833,0,11.418429948939313,12.926671691742275,0.13122150566474752,1.62580246265576
52.0,4.7,2008-06-11 20:00:00,20.814049614284833,-0.0,0.0,11.033319091796898,0.12769285582170858,0.0
52.0,4.7,2008-06-11 21:00:00,21.814049614284833,-0.0,0.0,10.252526855468773,0.1282602608034726,0.0
52.0,4.7,2008-06-11 22:00:00,22.814049614284833,-0.0,0.0,9.540368652343773,0.12877778914642538,0.0
52.0,4.7,2008-06-11 23:00:00,0.31404961428483413,-0.0,0.0,9.016687011718773,0.12915835078359839,0.0
52.0,4.7,2008-06-12 00:00:00,0.8110042619303649,-0.0,0.0,8.714074707031273,0.12937826041030043,0.0
52.0,4.7,2008-06-12 01:00:00,1.811004261930365,-0.0,0.0,9.077478027343773,0.12911417369844402,0.0
52.0,4.7,2008-06-12 02:00:00,2.811004261930365,-0.0,0.0,10.067010498046898,0.12839507631584876,0.0
52.0,4.7,2008-06-12 03:00:00,3.811004261930365,0,2.2610181246210583,10.840966857815635,0.12881902580237337,0.3042846584407055
52.0,4.7,2008-06-12 04:00:00,4.811004261930365,0,21.452643116505218,12.941775782243337,0.13470288061290434,3.012895939577819
52.0,4.7,2008-06-12 05:00:00,5.811004261930365,0,29.713548081946723,14.137788409546967,0.1366216890125548,4.265846181967625
52.0,4.7,2008-06-12 06:00:00,6.811004261930365,0.5191094095412543,45.43893829484597,15.298957519749873,0.1404770104825044,6.824763897629239
52.0,4.7,2008-06-12 07:00:00,7.811004261930365,1.8441897178681272,63.1434416729363,16.657266026995714,0.1439084621335294,9.94136558123611
52.0,4.7,2008-06-12 08:00:00,8.811004261930364,3.7780615849907977,84.04529270959827,18.052434667460336,0.14681688612695126,13.689383296393402
52.0,4.7,2008-06-12 09:00:00,9.811004261930364,5.969218470759301,90.69087439936519,18.44887955703105,0.14779365067424685,15.23125241143168
52.0,4.7,2008-06-12 10:00:00,10.811004261930364,10.194896705032267,126.2592391199659,19.729721868451847,0.15060034120868207,21.72526658629212
52.0,4.7,2008-06-12 11:00:00,11.811004261930364,12.116350510904184,126.86374992891943,19.4141911306822,0.15100051992375202,22.184101413681564
52.0,4.7,2008-06-12 12:00:00,12.811004261930364,14.263639732174433,129.7626874015555,19.249561726861838,0.1514316771572488,23.026458805954388
52.0,4.7,2008-06-12 13:00:00,13.811004261930364,15.270594408864541,129.19341077533235,18.926268059655094,0.1516802026189959,23.099751641484687
52.0,4.7,2008-06-12 14:00:00,14.811004261930364,14.835700018069321,107.74202262430325,18.074840367857536,0.1507358990270522,19.55669004323533
52.0,4.7,2008-06-12 15:00:00,15.811004261930364,27.759089580874733,149.43114212712288,19.877211644560468,0.15248442059057102,28.292306401076242
52.0,4.7,2008-06-12 16:00:00,16.811004261930364,66.26485998297491,159.55601746119808,21.51739883597979,0.15249516832352883,36.16378151326905
52.0,4.7,2008-06-12 17:00:00,17.811004261930364,14.992816960014341,100.95521158676026,17.704846499668985,0.1506667317171316,18.94388306773322
52.0,4.7,2008-06-12 18:00:00,18.811004261930364,0,59.267112084603845,14.73035372336157,0.1443757310589808,9.282830621023477
52.0,4.7,2008-06-12 19:00:00,19.811004261930364,0,13.677773998268972,11.579292471283257,0.13299622605074954,1.9373980908654131
52.0,4.7,2008-06-12 20:00:00,20.811004261930364,-0.0,0.0,10.190515136718773,0.12830532497869032,0.0
52.0,4.7,2008-06-12 21:00:00,21.811004261930364,-0.0,0.0,9.844995117187523,0.1285564158211188,0.0
52.0,4.7,2008-06-12 22:00:00,22.811004261930364,-0.0,0.0,9.692773437500023,0.12866703595201734,0.0
52.0,4.7,2008-06-12 23:00:00,0.3110042619303641,-0.0,0.0,9.643701171875023,0.12870269697256362,0.0
52.0,4.7,2008-06-13 00:00:00,0.8079317298930294,-0.0,0.0,9.614739990234398,0.12872374318431634,0.0
52.0,4.7,2008-06-13 01:00:00,1.8079317298930295,-0.0,0.0,9.777124023437523,0.1286057380286405,0.0
52.0,4.7,2008-06-13 02:00:00,2.8079317298930295,-0.0,0.0,10.352960205078148,0.1281872754685113,0.0
52.0,4.7,2008-06-13 03:00:00,3.8079317298930295,0,3.0840323653979493,10.72558968396693,0.1292577413661515,0.4170854951569585
52.0,4.7,2008-06-13 04:00:00,4.8079317298930295,0,36.17321202067712,12.452651721366646,0.1398072959753074,5.3186238521943405
52.0,4.7,2008-06-13 05:00:00,5.8079317298930295,0,95.55557022327775,15.72641179796072,0.14949104606058858,15.062550933350002
52.0,4.7,2008-06-13 06:00:00,6.8079317298930295,23.182309804793576,155.83943405608284,19.411363130195713,0.15291270601054127,28.784500013717988
52.0,4.7,2008-06-13 07:00:00,7.8079317298930295,180.58713217170197,175.97559195709533,26.555495318548918,0.1504523543723928,56.13780760798292
52.0,4.7,2008-06-13 08:00:00,8.80793172989303,281.2918680325334,160.02221920176825,29.70155067032851,0.14931811305762419,68.58520339744146
52.0,4.7,2008-06-13 09:00:00,9.80793172989303,381.18527985757686,114.1994308062898,31.966885115988415,0.14829371557805593,76.34323267895266
52.0,4.7,2008-06-13 10:00:00,10.80793172989303,423.8154976521175,106.00286999172917,33.40762717429434,0.14751234634170726,81.05080215417334
52.0,4.7,2008-06-13 11:00:00,11.80793172989303,412.8245194483004,100.60399856858702,33.08682451379859,0.1476287907614896,78.60194231863647
52.0,4.7,2008-06-13 12:00:00,12.80793172989303,454.27727079756795,97.45346294048164,34.441230907012674,0.1468696036112225,83.90535068683445
52.0,4.7,2008-06-13 13:00:00,13.80793172989303,415.4688154148065,97.3262303169327,33.34987491677302,0.147430492947751,78.35973895126719
52.0,4.7,2008-06-13 14:00:00,14.80793172989303,370.11714622967156,88.46699526194644,31.734237087884097,0.14805456531938105,70.5579310719396
52.0,4.7,2008-06-13 15:00:00,15.80793172989303,295.15862954077545,79.39179027562845,28.92724580554174,0.14897061248016097,58.32719433050615
52.0,4.7,2008-06-13 16:00:00,16.807931729893028,148.52083089216322,79.2653979875553,23.69006604824759,0.1509835582805412,36.470372535539134
52.0,4.7,2008-06-13 17:00:00,17.807931729893028,18.809063334045252,74.72980584118825,18.45964836337656,0.14779325895234105,15.240347777517295
52.0,4.7,2008-06-13 18:00:00,18.807931729893028,0,48.68247906994157,15.48973913220493,0.14148877654055422,7.561433979560605
52.0,4.7,2008-06-13 19:00:00,19.807931729893028,0,11.573843533443362,12.07333353996812,0.13183544906609776,1.631205432047788
52.0,4.7,2008-06-13 20:00:00,20.807931729893028,-0.0,0.0,10.565057373046898,0.12803314357000592,0.0
52.0,4.7,2008-06-13 21:00:00,21.807931729893028,-0.0,0.0,10.340417480468773,0.1281963903189121,0.0
52.0,4.7,2008-06-13 22:00:00,22.807931729893028,-0.0,0.0,10.247033691406273,0.12826425270875766,0.0
52.0,4.7,2008-06-13 23:00:00,0.30793172989302864,-0.0,0.0,10.329492187500023,0.128204329774979,0.0
52.0,4.7,2008-06-14 00:00:00,0.8048363404971692,-0.0,0.0,10.259423828125023,0.12825524874461475,0.0
52.0,4.7,2008-06-14 01:00:00,1.8048363404971695,-0.0,0.0,10.279626464843773,0.12824056740406647,0.0
52.0,4.7,2008-06-14 02:00:00,2.8048363404971695,-0.0,0.0,10.450189208984398,0.12811661874496624,0.0
52.0,4.7,2008-06-14 03:00:00,3.8048363404971695,0,2.127341743972922,10.672069465114282,0.12888433932417237,0.2865024347430454
52.0,4.7,2008-06-14 04:00:00,4.804836340497169,0,32.036282563689596,12.937381217424132,0.1382018297433288,4.646775313413212
52.0,4.7,2008-06-14 05:00:00,5.804836340497169,0,92.53367278934601,16.849315258760424,0.14819449208338156,14.373409318819068
52.0,4.7,2008-06-14 06:00:00,6.804836340497169,8.213065914384186,141.0657898260275,19.413219136692067,0.1515429011929173,23.662604260129893
52.0,4.7,2008-06-14 07:00:00,7.804836340497169,21.9704838425084,198.78006071785134,22.856617915088464,0.15140117177941204,34.79226625057707
52.0,4.7,2008-06-14 08:00:00,8.804836340497168,37.76975552073041,197.50308338639488,24.16407130631465,0.15070667535264767,37.10635251505466
52.0,4.7,2008-06-14 09:00:00,9.804836340497168,52.97942746623582,183.3914171729338,24.556713749992685,0.15045444926377077,37.40150886910627
52.0,4.7,2008-06-14 10:00:00,10.804836340497168,82.11949111625798,218.6937272600663,26.89831364543151,0.14951220331698786,47.0720226853656
52.0,4.7,2008-06-14 11:00:00,11.804836340497168,87.70648828519882,112.66713296659042,23.54187395376355,0.1506028312306415,32.26369837353073
52.0,4.7,2008-06-14 12:00:00,12.804836340497168,134.27100129915007,118.85675399053693,25.615348289291664,0.14993165635361652,40.19677165598347
52.0,4.7,2008-06-14 13:00:00,13.804836340497168,199.19264591930772,192.06882983666733,30.087314834973128,0.14833383087668273,60.34488490500471
52.0,4.7,2008-06-14 14:00:00,14.804836340497168,255.69262780956026,153.35205335780137,30.7650308531612,0.14809394672608006,62.99277174062939
52.0,4.7,2008-06-14 15:00:00,15.804836340497168,257.09560660028137,111.52716120200756,29.426979869584997,0.14852368522857295,57.21638156040013
52.0,4.7,2008-06-14 16:00:00,16.804836340497168,117.4949996405494,111.91502046389398,24.119258231808118,0.1506835037081069,36.518385666509694
52.0,4.7,2008-06-14 17:00:00,17.804836340497168,13.040764684607261,92.84948335184785,19.038136606449253,0.14863104371303465,17.009606466974898
52.0,4.7,2008-06-14 18:00:00,18.804836340497168,0,54.31177063606185,15.952799032701927,0.14235471602038538,8.3774512483541
52.0,4.7,2008-06-14 19:00:00,19.804836340497168,0,12.627430006978305,12.075999933580885,0.13223671261910167,1.7812153705697722
52.0,4.7,2008-06-14 20:00:00,20.804836340497168,-0.0,0.0,10.397668457031273,0.12815478579494147,0.0
52.0,4.7,2008-06-14 21:00:00,21.804836340497168,-0.0,0.0,10.252954101562523,0.12825995032195045,0.0
52.0,4.7,2008-06-14 22:00:00,22.804836340497168,-0.0,0.0,10.800927734375023,0.12786173559251698,0.0
52.0,4.7,2008-06-14 23:00:00,0.30483634049716846,-0.0,0.0,10.970452880859398,0.1277385409599706,0.0
52.0,4.7,2008-06-15 00:00:00,0.8017224112050914,-0.0,0.0,10.918603515625023,0.12777622011041098,0.0
52.0,4.7,2008-06-15 01:00:00,1.8017224112050916,-0.0,0.0,10.987145996093773,0.1277264100033544,0.0
52.0,4.7,2008-06-15 02:00:00,2.8017224112050916,-0.0,0.0,10.774316406250023,0.1278810741558978,0.0
52.0,4.7,2008-06-15 03:00:00,3.8017224112050916,0,3.0448382536780683,10.759460547242696,0.12921859777617217,0.41236413608252936
52.0,4.7,2008-06-15 04:00:00,4.801722411205091,0,33.13339272611391,12.766072712650164,0.13869984491491627,4.842940845516779
52.0,4.7,2008-06-15 05:00:00,5.801722411205091,0,81.76919819500141,15.79260139113722,0.14741487791656144,12.680792764538637
52.0,4.7,2008-06-15 06:00:00,6.801722411205091,8.511747355126458,133.1675510216629,18.966904263751424,0.15144921571293782,22.55182770980675
52.0,4.7,2008-06-15 07:00:00,7.801722411205091,47.16865463796185,215.78404771733557,24.05910428808308,0.15113394668071148,41.454630795806445
52.0,4.7,2008-06-15 08:00:00,8.801722411205091,113.07162756274592,222.66183980950407,27.38999756491856,0.1495565967591969,52.335282907810004
52.0,4.7,2008-06-15 09:00:00,9.801722411205091,164.72494857096794,223.9717006375475,29.844163997346485,0.1484759050685775,60.02418100588177
52.0,4.7,2008-06-15 10:00:00,10.801722411205091,195.48654366722485,125.60163454140462,28.416054326702756,0.1486588499087755,50.10755118823529
52.0,4.7,2008-06-15 11:00:00,11.801722411205091,251.30608904449355,110.98964095597509,30.320356194962635,0.14779494441415988,56.04127187040652
52.0,4.7,2008-06-15 12:00:00,12.801722411205091,313.05382299270997,110.1191774281146,32.66266925158914,0.14692316904010427,64.75982149507054
52.0,4.7,2008-06-15 13:00:00,13.801722411205091,372.47690269422145,107.3523416977751,34.724582806156775,0.14612548265827052,72.80184579251048
52.0,4.7,2008-06-15 14:00:00,14.801722411205091,326.51186874231394,120.136382825733,33.39232895380786,0.14669630689199062,68.07835580925106
52.0,4.7,2008-06-15 15:00:00,15.801722411205091,240.97845894416946,105.51476871290411,29.49227795197397,0.1481793851887117,53.669442400104884
52.0,4.7,2008-06-15 16:00:00,16.80172241120509,156.08959242557063,80.68654413616325,25.190502943864637,0.15002798946610726,37.671932408203475
52.0,4.7,2008-06-15 17:00:00,17.80172241120509,24.054446224230265,68.13154191970096,19.113053713319108,0.147296990675784,15.162939858865924
52.0,4.7,2008-06-15 18:00:00,18.80172241120509,0,47.29292627781918,15.462112875327742,0.14138833692212055,7.4821629659254185
52.0,4.7,2008-06-15 19:00:00,19.80172241120509,0,13.17373590979881,11.400801194474074,0.1330082080415616,1.8942717079052909
52.0,4.7,2008-06-15 20:00:00,20.80172241120509,-0.0,0.0,9.242822265625023,0.12899401734936458,0.0
52.0,4.7,2008-06-15 21:00:00,21.80172241120509,-0.0,0.0,8.508416748046898,0.1295277129087217,0.0
52.0,4.7,2008-06-15 22:00:00,22.80172241120509,-0.0,0.0,7.854028320312523,0.13000325971442683,0.0
52.0,4.7,2008-06-15 23:00:00,0.3017224112050906,-0.0,0.0,7.189385986328148,0.13048625807666409,0.0
52.0,4.7,2008-06-16 00:00:00,0.7985942534664573,-0.0,0.0,6.604547119140648,0.13091126292601044,0.0
52.0,4.7,2008-06-16 01:00:00,1.7985942534664574,-0.0,0.0,6.077844238281273,0.13129402011109018,0.0
52.0,4.7,2008-06-16 02:00:00,2.7985942534664576,-0.0,0.0,5.629663085937523,0.13161971522784557,0.0
52.0,4.7,2008-06-16 03:00:00,3.7985942534664576,0,5.450217111507156,5.745682084947161,0.13389155651647663,0.7692123019086126
52.0,4.7,2008-06-16 04:00:00,4.798594253466457,0,53.27227717185372,10.34309759271324,0.14607474949224045,8.356629648507614
52.0,4.7,2008-06-16 05:00:00,5.798594253466457,0,99.55367086879036,16.59393048865563,0.14983951316925043,16.348551402839036
52.0,4.7,2008-06-16 06:00:00,6.798594253466457,100.5361091875943,116.27533588496347,22.76608835606989,0.15149507473442336,35.06351295652938
52.0,4.7,2008-06-16 07:00:00,7.798594253466457,279.04794101832994,94.55813812957744,29.772540666397358,0.14836568810605955,58.19413956501411
52.0,4.7,2008-06-16 08:00:00,8.798594253466456,438.99629583165085,77.91609735716192,35.660089461142135,0.14579791407150222,78.39658948621404
52.0,4.7,2008-06-16 09:00:00,9.798594253466456,585.3955324143803,73.03223225363848,41.21177077556553,0.14186978348727147,96.59515245006726
52.0,4.7,2008-06-16 10:00:00,10.798594253466456,683.8018345199293,69.31312773770571,44.96868046814156,0.13881566319258115,107.77267788050001
52.0,4.7,2008-06-16 11:00:00,11.798594253466456,725.2473629688627,66.40695638032442,46.59116284650342,0.13764981981542665,112.19036684873949
52.0,4.7,2008-06-16 12:00:00,12.798594253466456,735.40325199237,60.430096473722855,46.83420680879207,0.137482351429488,112.6475792963418
52.0,4.7,2008-06-16 13:00:00,13.798594253466456,645.9874754634476,57.927685960170294,43.49160753939091,0.14002647293161957,101.68548273629845
52.0,4.7,2008-06-16 14:00:00,14.798594253466456,517.0513769582585,54.5556887131234,38.706863738742584,0.14382958624915973,85.17572588398006
52.0,4.7,2008-06-16 15:00:00,15.798594253466456,360.1832131565241,49.79572051908539,32.6561358988794,0.14675836357253025,62.84237400254701
52.0,4.7,2008-06-16 16:00:00,16.798594253466458,192.16519094331358,45.56579847884401,25.976333344598174,0.14948154301369165,37.81124230729701
52.0,4.7,2008-06-16 17:00:00,17.798594253466458,29.44755965319324,46.05975927399241,19.287549836547353,0.1449924124370557,12.58510442728746
52.0,4.7,2008-06-16 18:00:00,18.798594253466458,0,38.98585879660205,15.803713746636168,0.13912883315996913,6.212294430046219
52.0,4.7,2008-06-16 19:00:00,19.798594253466458,0,11.760752989579437,11.965376575986156,0.1320034904870645,1.6653050641090834
52.0,4.7,2008-06-16 20:00:00,20.798594253466458,-0.0,0.0,10.130853271484398,0.12834868150553608,0.0
52.0,4.7,2008-06-16 21:00:00,21.798594253466458,-0.0,0.0,9.273461914062523,0.12897175138877473,0.0
52.0,4.7,2008-06-16 22:00:00,22.798594253466458,-0.0,0.0,8.179010009765648,0.12976709416231408,0.0
52.0,4.7,2008-06-16 23:00:00,0.29859425346645657,-0.0,0.0,7.405694580078148,0.13032906571744016,0.0
52.0,4.7,2008-06-17 00:00:00,0.7954561717336579,-0.0,0.0,6.854669189453148,0.130729498172032,0.0
52.0,4.7,2008-06-17 01:00:00,1.795456171733658,-0.0,0.0,6.375451660156273,0.13107774755364782,0.0
52.0,4.7,2008-06-17 02:00:00,2.795456171733658,-0.0,0.0,5.938073730468773,0.13139559192334263,0.0
52.0,4.7,2008-06-17 03:00:00,3.795456171733658,0,5.5699752720704705,6.072375195097723,0.1337009981002348,0.7838838511339494
52.0,4.7,2008-06-17 04:00:00,4.795456171733658,0,52.11401897776074,10.641806164763722,0.14551329311625602,8.098341669601673
52.0,4.7,2008-06-17 05:00:00,5.795456171733658,0,100.24490807456921,16.48846970297491,0.14992688849238295,16.372660246395668
52.0,4.7,2008-06-17 06:00:00,6.795456171733658,98.43110563783267,116.23256012896941,23.52663588187326,0.15090047468831558,34.55718986393295
52.0,4.7,2008-06-17 07:00:00,7.795456171733658,283.93239052853494,88.82260672615239,31.759176750617033,0.14691008847311765,57.49241545158545
52.0,4.7,2008-06-17 08:00:00,8.795456171733656,477.6549738835109,67.69084847108228,40.05725677909652,0.14277004273606558,80.92431089122292
52.0,4.7,2008-06-17 09:00:00,9.795456171733656,644.8479660788155,61.31051591859377,47.28720710643411,0.1372554453588042,100.12994803502626
52.0,4.7,2008-06-17 10:00:00,10.795456171733656,763.9145102956866,56.736385703456364,52.314716644437866,0.13358395641380133,112.8936286127575
52.0,4.7,2008-06-17 11:00:00,11.795456171733656,820.9827485366725,53.18078247359031,54.87502158747694,0.13198490140154812,118.65917590239613
52.0,4.7,2008-06-17 12:00:00,12.795456171733656,804.5827348480902,49.731935341864286,54.490435779642084,0.13216719685822198,116.17118030786455
52.0,4.7,2008-06-17 13:00:00,13.795456171733656,707.2548935012707,47.463260362627345,50.78290807060272,0.13458834192870647,104.7396039694081
52.0,4.7,2008-06-17 14:00:00,14.795456171733656,571.2988668809807,43.474296123892465,45.24427742807975,0.13907505185687766,88.51915904735397
52.0,4.7,2008-06-17 15:00:00,15.795456171733656,413.3888991863238,37.09882633387051,38.508432090053084,0.14305332464503398,67.24926276478499
52.0,4.7,2008-06-17 16:00:00,16.795456171733658,215.73524121533495,34.60349945332547,30.206005831332035,0.14657616600811976,39.055466108667034
52.0,4.7,2008-06-17 17:00:00,17.795456171733658,31.18387097231124,40.11046059692072,22.28015182449432,0.1421894729764431,11.762951208336647
52.0,4.7,2008-06-17 18:00:00,18.795456171733658,0,36.17893009599567,18.94140512122377,0.136197572119815,5.739551119703116
52.0,4.7,2008-06-17 19:00:00,19.795456171733658,0,11.659863107908587,14.158241064787028,0.1304813884531268,1.671410620151315
52.0,4.7,2008-06-17 20:00:00,20.795456171733658,-0.0,0.0,11.796044921875023,0.12713857977288195,0.0
52.0,4.7,2008-06-17 21:00:00,21.795456171733658,-0.0,0.0,11.035729980468773,0.12769110381883347,0.0
52.0,4.7,2008-06-17 22:00:00,22.795456171733658,-0.0,0.0,10.461267089843773,0.12810856840264143,0.0
52.0,4.7,2008-06-17 23:00:00,0.2954561717336571,-0.0,0.0,10.242150878906273,0.12826780106901103,0.0
52.0,4.7,2008-06-18 00:00:00,0.7923124626244634,-0.0,0.0,10.492272949218773,0.12808603631503257,0.0
52.0,4.7,2008-06-18 01:00:00,1.7923124626244635,-0.0,0.0,10.467462158203148,0.12810406642056998,0.0
52.0,4.7,2008-06-18 02:00:00,2.7923124626244635,-0.0,0.0,10.071069335937523,0.12839212674138817,0.0
52.0,4.7,2008-06-18 03:00:00,3.7923124626244635,0,5.736391291455649,10.009183298349225,0.1309052169298716,0.7889790547577469
52.0,4.7,2008-06-18 04:00:00,4.792312462624464,0,55.706881756323796,13.778077029662272,0.1440835659461979,8.579092684224946
52.0,4.7,2008-06-18 05:00:00,5.792312462624464,0,110.16488963455141,18.60032386673401,0.14946197031193806,17.881390681967275
52.0,4.7,2008-06-18 06:00:00,6.792312462624464,86.34961217087057,137.41477371350712,24.316921543796273,0.15047461170162424,35.81838926803951
52.0,4.7,2008-06-18 07:00:00,7.792312462624464,236.33038661342212,138.5225311308784,30.5060447171589,0.14783917431542218,58.05971479299723
52.0,4.7,2008-06-18 08:00:00,8.792312462624462,296.82610506605243,158.73953133921248,33.57728807362646,0.14668618756171672,69.55141262825535
52.0,4.7,2008-06-18 09:00:00,9.792312462624462,272.1157985684837,183.79199425018882,33.70246090808274,0.14659457092044448,69.50004877873884
52.0,4.7,2008-06-18 10:00:00,10.792312462624462,359.5616513956871,111.44638932449756,34.74243628190986,0.14603275246415343,71.67725587238158
52.0,4.7,2008-06-18 11:00:00,11.792312462624462,630.2747025488518,84.77193949028081,42.717327505570786,0.1405443235294466,103.77234911895277
52.0,4.7,2008-06-18 12:00:00,12.792312462624462,636.2238348594112,79.72891813468445,42.90291296155747,0.14040714423263254,103.76540158739292
52.0,4.7,2008-06-18 13:00:00,13.792312462624462,436.39624876079364,97.75610602524023,37.41986962797793,0.14462498097268284,80.17147687783041
52.0,4.7,2008-06-18 14:00:00,14.792312462624462,130.19378644906675,147.81232230325153,28.715260876506328,0.14793330691155607,43.03308828112212
52.0,4.7,2008-06-18 15:00:00,15.792312462624462,38.786563822509876,127.02114956345875,24.27963886220769,0.14884380770603184,25.86259999632572
52.0,4.7,2008-06-18 16:00:00,16.792312462624462,15.709539055660885,84.97908625242769,21.61835503256837,0.14585475079430135,15.482767794878264
52.0,4.7,2008-06-18 17:00:00,17.792312462624462,2.7834571222810616,71.12092846135677,20.123412913499905,0.142932159989541,11.10508591281322
52.0,4.7,2008-06-18 18:00:00,18.792312462624462,0,48.54745848050791,18.514941355146217,0.1387606294937828,7.100223384656305
52.0,4.7,2008-06-18 19:00:00,19.792312462624462,0,12.371509241602311,15.341963836242117,0.12970283366434063,1.690251030807227
52.0,4.7,2008-06-18 20:00:00,20.792312462624462,-0.0,0.0,13.957574462890648,0.12556778722047368,0.0
52.0,4.7,2008-06-18 21:00:00,21.792312462624462,-0.0,0.0,14.082330322265648,0.1254771266160003,0.0
52.0,4.7,2008-06-18 22:00:00,22.792312462624462,-0.0,0.0,13.282342529296898,0.12605848108901038,0.0
52.0,4.7,2008-06-18 23:00:00,0.29231246262446264,-0.0,0.0,12.630700683593773,0.12653203194207302,0.0
52.0,4.7,2008-06-19 00:00:00,0.7891674142124534,-0.0,0.0,12.815881347656273,0.12639746037946428,0.0
52.0,4.7,2008-06-19 01:00:00,1.7891674142124536,-0.0,0.0,12.787194824218773,0.12641830699595277,0.0
52.0,4.7,2008-06-19 02:00:00,2.7891674142124536,-0.0,0.0,12.809167480468773,0.12640233937481266,0.0
52.0,4.7,2008-06-19 03:00:00,3.7891674142124536,0,3.1464940400318944,13.440438902452271,0.12730909707345833,0.4183567903331808
52.0,4.7,2008-06-19 04:00:00,4.789167414212454,0,40.468502896187964,15.619841312153806,0.1387102681231329,5.897662637676764
52.0,4.7,2008-06-19 05:00:00,5.789167414212454,0,66.88829787290996,17.261075653869057,0.14361052992710224,10.028240523008161
52.0,4.7,2008-06-19 06:00:00,6.789167414212454,4.171795793434095,105.68761718190403,19.922412976113122,0.14805282125011732,17.03692936175371
52.0,4.7,2008-06-19 07:00:00,7.789167414212454,29.06874971563749,205.67293071961558,24.651810435855154,0.15032434458055152,36.7184491659321
52.0,4.7,2008-06-19 08:00:00,8.789167414212452,97.97749310219014,243.7698611750303,28.397062304615282,0.14889664220521828,52.98419287877945
52.0,4.7,2008-06-19 09:00:00,9.789167414212452,47.632500163116624,170.62360181324075,24.87237877087681,0.14993525514114756,34.44623076560335
52.0,4.7,2008-06-19 10:00:00,10.789167414212452,30.81577674036293,162.56299661919445,24.106269720237055,0.1499269206013003,30.4276135192829
52.0,4.7,2008-06-19 11:00:00,11.789167414212452,23.04946798488802,93.89911157575908,21.71606258125559,0.14765059039602071,18.394170352215387
52.0,4.7,2008-06-19 12:00:00,12.789167414212452,334.7506824992348,112.19533395985022,33.019179193432684,0.14698476783004616,68.41476390564017
52.0,4.7,2008-06-19 13:00:00,13.789167414212452,547.9846517398915,84.72621507577153,38.27987999245635,0.1440942658309657,94.23580329741529
52.0,4.7,2008-06-19 14:00:00,14.789167414212452,483.48581873798054,71.49815806491212,36.372278458175565,0.14548149648191624,83.71295932966228
52.0,4.7,2008-06-19 15:00:00,15.789167414212452,356.1098634478479,61.16939872464079,32.51004006601095,0.14696918088555813,64.06941996041793
52.0,4.7,2008-06-19 16:00:00,16.789167414212454,199.22206420758678,55.406333251734054,27.30704216479777,0.1487319175328449,40.25354938022723
52.0,4.7,2008-06-19 17:00:00,17.789167414212454,28.78770776916148,62.15908315927996,21.53667296565623,0.1454621511638588,14.885613512358143
52.0,4.7,2008-06-19 18:00:00,18.789167414212454,0,47.46825428026158,18.55965414946471,0.1392230387233417,7.419276732766371
52.0,4.7,2008-06-19 19:00:00,19.789167414212454,0,13.71888946756237,15.441830690006787,0.1302796797560153,1.9304880693952378
52.0,4.7,2008-06-19 20:00:00,20.789167414212454,-0.0,0.0,14.287408447265648,0.12532809548535911,0.0
52.0,4.7,2008-06-19 21:00:00,21.789167414212454,-0.0,0.0,14.939385986328148,0.12485430068252905,0.0
52.0,4.7,2008-06-19 22:00:00,22.789167414212454,-0.0,0.0,15.246972656250023,0.12463077616381887,0.0
52.0,4.7,2008-06-19 23:00:00,0.2891674142124527,-0.0,0.0,15.068444824218773,0.1247605130855824,0.0
52.0,4.7,2008-06-20 00:00:00,0.7860253054250554,-0.0,0.0,14.666406250000023,0.12505267619794352,0.0
52.0,4.7,2008-06-20 01:00:00,1.7860253054250557,-0.0,0.0,13.988641357421898,0.12554521077836164,0.0
52.0,4.7,2008-06-20 02:00:00,2.7860253054250554,-0.0,0.0,13.415612792968773,0.1259616330313452,0.0
52.0,4.7,2008-06-20 03:00:00,3.7860253054250554,0,5.455602706256261,13.20289136565995,0.12846371182795246,0.7352312662129955
52.0,4.7,2008-06-20 04:00:00,4.786025305425055,0,46.874312839338856,15.654035356768603,0.1403469753462879,6.892373125547887
52.0,4.7,2008-06-20 05:00:00,5.786025305425055,0,108.37101405496458,19.357777309328387,0.14833139394879358,16.87820683502082
52.0,4.7,2008-06-20 06:00:00,6.786025305425055,5.514894849419591,106.6827198139882,20.09166900369293,0.14817961257799653,17.422840081358057
52.0,4.7,2008-06-20 07:00:00,7.786025305425055,45.71214195337957,207.3667182507692,26.095511545194206,0.1495288196480346,39.41156459923062
52.0,4.7,2008-06-20 08:00:00,8.786025305425055,351.83553459685066,143.65908952864444,35.73724079040692,0.1455598049824638,75.03112531809903
52.0,4.7,2008-06-20 09:00:00,9.786025305425055,559.2529810092611,86.03475180257922,40.602944943399336,0.14236151908837566,95.06379482294516
52.0,4.7,2008-06-20 10:00:00,10.786025305425055,664.5470396117545,79.38646725473626,43.895950849508765,0.139609189083887,107.11692932472663
52.0,4.7,2008-06-20 11:00:00,11.786025305425055,636.2164121697082,84.07319403185846,43.22961557020386,0.14015435237643664,104.22603324239044
52.0,4.7,2008-06-20 12:00:00,12.786025305425055,431.9055238581625,101.05878453697652,37.224338316074736,0.14476362594072503,80.15900341625111
52.0,4.7,2008-06-20 13:00:00,13.786025305425055,177.0669361082685,179.8852427455297,30.853717457220085,0.14731562237977516,54.81622682212574
52.0,4.7,2008-06-20 14:00:00,14.786025305425055,74.74405847146924,145.5999217712823,25.92967486757075,0.14919166887225233,34.49142626052024
52.0,4.7,2008-06-20 15:00:00,15.786025305425055,51.278103676393314,136.87382354908596,24.436460529680836,0.14952706495371637,29.459086308483336
52.0,4.7,2008-06-20 16:00:00,16.786025305425056,57.27772047594165,141.0424066925855,24.764883364656292,0.14956661975066707,31.069423826819992
52.0,4.7,2008-06-20 17:00:00,17.786025305425056,7.877767889847866,92.34589120396377,20.989807508956925,0.14628298173332985,15.492056733239714
52.0,4.7,2008-06-20 18:00:00,18.786025305425056,0,51.70671760419629,18.451764726531607,0.13971610200817985,7.6999712928891135
52.0,4.7,2008-06-20 19:00:00,19.786025305425056,0,14.008353913212963,15.040294859612011,0.13066554866974708,1.9704014753726893
52.0,4.7,2008-06-20 20:00:00,20.786025305425056,-0.0,0.0,13.000146484375023,0.12626355413440307,0.0
52.0,4.7,2008-06-20 21:00:00,21.786025305425056,-0.0,0.0,13.111199951171898,0.1261828511158907,0.0
52.0,4.7,2008-06-20 22:00:00,22.786025305425056,-0.0,0.0,12.780175781250023,0.126423407763817,0.0
52.0,4.7,2008-06-20 23:00:00,0.2860253054250547,-0.0,0.0,12.254724121093773,0.12680525568158182,0.0
52.0,4.7,2008-06-21 00:00:00,0.7828904055284754,-0.0,0.0,12.389947509765648,0.1267069882798153,0.0
52.0,4.7,2008-06-21 01:00:00,1.7828904055284756,-0.0,0.0,12.467187500000023,0.12665085765605746,0.0
52.0,4.7,2008-06-21 02:00:00,2.7828904055284753,-0.0,0.0,12.374475097656273,0.12671823214636815,0.0
52.0,4.7,2008-06-21 03:00:00,3.7828904055284753,0,5.291279558115847,11.951033295633893,0.12930120471272957,0.716558512176248
52.0,4.7,2008-06-21 04:00:00,4.782890405528476,0,52.50124821066811,15.47345554198538,0.14197052374743346,7.881142325210678
52.0,4.7,2008-06-21 05:00:00,5.782890405528476,0,106.08058103271004,19.806480028249553,0.14775108946961338,16.4550904918943
52.0,4.7,2008-06-21 06:00:00,6.782890405528476,12.139786493263932,159.12546638475405,23.764924369493436,0.1494275995145119,26.759229777574895
52.0,4.7,2008-06-21 07:00:00,7.782890405528476,22.14562423642758,198.36428654375908,26.508483268609577,0.1487411703439384,34.12786658631205
52.0,4.7,2008-06-21 08:00:00,8.782890405528475,26.150287168357096,174.74237063387972,26.430180811302968,0.1484197309299207,31.23357883958587
52.0,4.7,2008-06-21 09:00:00,9.782890405528475,22.204232963496807,130.8720235551236,24.75184931554808,0.14795799928883077,23.938801793854562
52.0,4.7,2008-06-21 10:00:00,10.782890405528475,69.19721773521665,212.30092795352368,30.535834232079527,0.14664325104955142,43.10595850851553
52.0,4.7,2008-06-21 11:00:00,11.782890405528475,101.04736158083946,112.7942745635528,29.06661707597696,0.14684202209382977,33.35727555372156
52.0,4.7,2008-06-21 12:00:00,12.782890405528475,195.35370403763798,116.31096162445388,33.417676140166826,0.14490953659067826,47.38840548943421
52.0,4.7,2008-06-21 13:00:00,13.782890405528475,428.46891488649544,104.13617036141788,42.15148004048729,0.14117315971715122,77.92604924839009
52.0,4.7,2008-06-21 14:00:00,14.782890405528475,397.9171325970983,91.23631898621754,40.89193015701767,0.14174279294015896,72.00075316400573
52.0,4.7,2008-06-21 15:00:00,15.782890405528475,263.94932347583295,104.35521707111106,36.55861318373474,0.14333128605608816,55.1096434005887
52.0,4.7,2008-06-21 16:00:00,16.782890405528473,105.82417824725357,119.76874905068881,30.875661747945507,0.14569918105226923,34.59588715799727
52.0,4.7,2008-06-21 17:00:00,17.782890405528473,10.92793507825653,96.97963696760641,25.743363251220895,0.14383239762826874,16.56500628750705
52.0,4.7,2008-06-21 18:00:00,18.782890405528473,0,51.44541815316442,22.478696705179306,0.13665420807006576,7.449295533153403
52.0,4.7,2008-06-21 19:00:00,19.782890405528473,0,9.952786198589449,19.13269333253638,0.1259775590233219,1.3134367204398039
52.0,4.7,2008-06-21 20:00:00,20.782890405528473,-0.0,0.0,18.329064941406273,0.12239100681739407,0.0
52.0,4.7,2008-06-21 21:00:00,21.782890405528473,-0.0,0.0,18.457208251953148,0.12229788453799491,0.0
52.0,4.7,2008-06-21 22:00:00,22.782890405528473,-0.0,0.0,18.401879882812523,0.12233809189511582,0.0
52.0,4.7,2008-06-21 23:00:00,0.28289040552847466,-0.0,0.0,18.159631347656273,0.1225141349181857,0.0
52.0,4.7,2008-06-22 00:00:00,0.7797669736783641,-0.0,0.0,17.671655273437523,0.12286874917100599,0.0
52.0,4.7,2008-06-22 01:00:00,1.7797669736783643,-0.0,0.0,17.285302734375023,0.1231495131760532,0.0
52.0,4.7,2008-06-22 02:00:00,2.779766973678364,-0.0,0.0,17.060632324218773,0.123312782102211,0.0
52.0,4.7,2008-06-22 03:00:00,3.779766973678364,0,3.602756343933153,17.129945540839884,0.12482068973011881,0.4692694367081291
52.0,4.7,2008-06-22 04:00:00,4.779766973678364,0,33.50907672125834,19.160562272775984,0.13405077991498993,4.679599273823299
52.0,4.7,2008-06-22 05:00:00,5.779766973678364,0,76.96120271841055,21.69045363580612,0.14221384926568062,11.408299745167264
52.0,4.7,2008-06-22 06:00:00,6.779766973678364,5.372593857329721,110.25306029276707,24.138634771955438,0.14556916468487768,17.619846674954914
52.0,4.7,2008-06-22 07:00:00,7.779766973678364,21.25981535343496,180.1398953219934,28.338849286769822,0.14701274292375177,30.81003312814244
52.0,4.7,2008-06-22 08:00:00,8.779766973678363,61.12855109300162,199.60232591341796,31.73891652766015,0.1455290769176266,39.61203417907036
52.0,4.7,2008-06-22 09:00:00,9.779766973678363,154.8484710910491,215.4754605585887,36.14290591246235,0.1436471616147624,55.38088060675634
52.0,4.7,2008-06-22 10:00:00,10.779766973678363,327.31028588255396,114.98500671252218,38.52474085081136,0.1429299702369295,65.91683993334254
52.0,4.7,2008-06-22 11:00:00,11.779766973678363,579.5163775836769,88.51706267317348,44.256075787932545,0.1396202202625106,96.3474031161563
52.0,4.7,2008-06-22 12:00:00,12.779766973678363,674.4305997310356,73.43562378534253,46.1199325322838,0.1379876918516977,106.29258135685185
52.0,4.7,2008-06-22 13:00:00,13.779766973678363,651.5722950673295,63.07469969341511,44.653798610735045,0.13914231476847097,102.52840570313754
52.0,4.7,2008-06-22 14:00:00,14.779766973678363,529.6643170287846,57.85089178465097,40.16356074138148,0.14278886057750734,86.84640328151573
52.0,4.7,2008-06-22 15:00:00,15.779766973678363,375.3764037984379,52.1716372744547,34.819297439433505,0.1454263403008056,64.86948097168656
52.0,4.7,2008-06-22 16:00:00,16.779766973678363,195.9449385816455,51.456863475030474,28.707817279091543,0.14761936641748344,38.77337716358174
52.0,4.7,2008-06-22 17:00:00,17.779766973678363,29.81306891144974,58.16426169505214,22.992311851135387,0.14397705780023526,14.23941405980277
52.0,4.7,2008-06-22 18:00:00,18.779766973678363,0,43.06661557653549,19.95118376368761,0.1371687760749281,6.704940851194254
52.0,4.7,2008-06-22 19:00:00,19.779766973678363,0,13.098191213215976,17.226377803042755,0.12878494618904587,1.8377547246604684
52.0,4.7,2008-06-22 20:00:00,20.779766973678363,-0.0,0.0,15.693475341796898,0.12430630079590056,0.0
52.0,4.7,2008-06-22 21:00:00,21.779766973678363,-0.0,0.0,15.094537353515648,0.1247415515354785,0.0
52.0,4.7,2008-06-22 22:00:00,22.779766973678363,-0.0,0.0,14.644036865234398,0.12506893212335424,0.0
52.0,4.7,2008-06-22 23:00:00,0.2797669736783634,-0.0,0.0,14.417932128906273,0.12523324338033645,0.0
52.0,4.7,2008-06-23 00:00:00,0.7766592585147627,-0.0,0.0,14.299066162109398,0.1253196237752542,0.0
52.0,4.7,2008-06-23 01:00:00,1.776659258514763,-0.0,0.0,14.058740234375023,0.12549426963147434,0.0
52.0,4.7,2008-06-23 02:00:00,2.776659258514763,-0.0,0.0,13.813562011718773,0.12567244167069624,0.0
52.0,4.7,2008-06-23 03:00:00,3.776659258514763,0,5.743545296138952,13.793305555072202,0.12816426672820946,0.7753656010012375
52.0,4.7,2008-06-23 04:00:00,4.776659258514763,0,53.18371066863799,15.885907639019997,0.14202116818209634,8.108179077717617
52.0,4.7,2008-06-23 05:00:00,5.776659258514763,0,97.96805655125299,18.850991908364378,0.14800732884969878,15.894656906105642
52.0,4.7,2008-06-23 06:00:00,6.776659258514763,99.72394211788495,113.62727479885893,23.569448680728808,0.15084746708601096,34.35721637218214
52.0,4.7,2008-06-23 07:00:00,7.776659258514763,280.211490666063,90.18143206354836,29.232776665089148,0.14871129615807457,57.80985088860911
52.0,4.7,2008-06-23 08:00:00,8.776659258514762,466.672159834462,69.85874767316226,34.967355919245044,0.14642493755436023,81.64963602310509
52.0,4.7,2008-06-23 09:00:00,9.776659258514762,639.29119578388,62.23169403159795,40.66680765996696,0.14208543283531053,102.9561175056781
52.0,4.7,2008-06-23 10:00:00,10.776659258514762,758.9690495923063,57.38781008465181,44.906668892509394,0.13894900608923505,116.79128111695103
52.0,4.7,2008-06-23 11:00:00,11.776659258514762,815.2330534283495,53.84069318127706,47.433571852684295,0.13736851385638985,122.7618561856914
52.0,4.7,2008-06-23 12:00:00,12.776659258514762,805.8340104852894,49.44621925091178,47.85369798822958,0.13699385031400635,120.51228023902532
52.0,4.7,2008-06-23 13:00:00,13.776659258514762,728.5210678673479,44.632717135266724,45.8534966258911,0.1381642987255024,110.07383858398613
52.0,4.7,2008-06-23 14:00:00,14.776659258514762,593.7939939000499,40.20163829867141,41.64030425632281,0.14164637380096706,92.91584089061398
52.0,4.7,2008-06-23 15:00:00,15.776659258514762,415.7485463861814,36.66949260219901,35.42984463513943,0.1453128448748705,68.5760623918037
52.0,4.7,2008-06-23 16:00:00,16.776659258514762,218.03055326948916,34.449932483893896,28.06487618800947,0.14815616036943388,39.77875695791154
52.0,4.7,2008-06-23 17:00:00,17.776659258514762,34.13775754437668,39.19583568888522,20.84823813138744,0.14355067925048942,12.16989032216026
52.0,4.7,2008-06-23 18:00:00,18.776659258514762,0,35.77010965254793,17.464379445162432,0.13716871834588606,5.727344995762915
52.0,4.7,2008-06-23 19:00:00,19.776659258514762,0,11.6919535622417,13.688401383893341,0.1308274328871151,1.6774820907868362
52.0,4.7,2008-06-23 20:00:00,20.776659258514762,-0.0,0.0,11.570245361328148,0.12730266925734834,0.0
52.0,4.7,2008-06-23 21:00:00,21.776659258514762,-0.0,0.0,10.811425781250023,0.12785410661797225,0.0
52.0,4.7,2008-06-23 22:00:00,22.776659258514762,-0.0,0.0,10.235742187500023,0.12827245829184356,0.0
52.0,4.7,2008-06-23 23:00:00,0.2766592585147619,-0.0,0.0,9.831262207031273,0.12856639558433136,0.0
52.0,4.7,2008-06-24 00:00:00,0.7735714977796817,-0.0,0.0,9.476525878906273,0.12882418395673806,0.0
52.0,4.7,2008-06-24 01:00:00,1.7735714977796817,-0.0,0.0,9.091790771484398,0.12910377256745137,0.0
52.0,4.7,2008-06-24 02:00:00,2.773571497779682,-0.0,0.0,8.697778320312523,0.12939010306264603,0.0
52.0,4.7,2008-06-24 03:00:00,3.773571497779682,0,5.764277217268228,8.813620922859853,0.1317904568977916,0.7997755416231903
52.0,4.7,2008-06-24 04:00:00,4.773571497779682,0,54.7509479591663,12.646627778316269,0.14472179152094844,8.492864092092832
52.0,4.7,2008-06-24 05:00:00,5.773571497779682,0,103.92359119532712,17.072043684996043,0.14995454849902332,17.00807625734828
52.0,4.7,2008-06-24 06:00:00,6.773571497779682,80.64606477986904,142.40266870944345,23.681566376536622,0.15092006524965168,35.76724211709851
52.0,4.7,2008-06-24 07:00:00,7.773571497779682,43.54243211601263,190.79506093599835,24.34902572562879,0.1505404790973553,36.73059910001825
52.0,4.7,2008-06-24 08:00:00,8.773571497779681,93.84609520328955,185.1420150367027,27.6147042943029,0.14874015053544729,43.36508663847245
52.0,4.7,2008-06-24 09:00:00,9.773571497779681,541.3918706828032,87.94489471083963,42.420475979207744,0.14109164498727564,91.95595103897519
52.0,4.7,2008-06-24 10:00:00,10.773571497779681,748.8509623522375,63.273402858260596,49.59690610163512,0.13552515613611735,113.35347546371193
52.0,4.7,2008-06-24 11:00:00,11.773571497779681,808.6504441407938,58.35348410288993,52.514805087391636,0.1336664403501416,119.18410950861025
52.0,4.7,2008-06-24 12:00:00,12.773571497779681,796.9393871480262,54.36942829357102,52.77230073474059,0.13339876859950198,116.81467962174085
52.0,4.7,2008-06-24 13:00:00,13.773571497779681,700.2793743151391,54.54105391784295,49.79926889236927,0.13530320036107654,105.2903739786123
52.0,4.7,2008-06-24 14:00:00,14.773571497779681,390.5877236529767,78.20029765096979,39.35982840383667,0.14263394046683778,69.45657247913462
52.0,4.7,2008-06-24 15:00:00,15.773571497779681,301.3222890346687,72.49674032418277,35.85499863546144,0.14391933157010878,56.1677694366888
52.0,4.7,2008-06-24 16:00:00,16.77357149777968,162.38671020242117,71.45683682499993,30.2934603058705,0.14626893301758198,36.18582163729861
52.0,4.7,2008-06-24 17:00:00,17.77357149777968,12.561883102507243,84.85613440139834,23.968541191438895,0.1438669191099418,14.928026665214396
52.0,4.7,2008-06-24 18:00:00,18.77357149777968,0,44.366865365233046,20.30539642669466,0.13639212306365553,6.379104603554364
52.0,4.7,2008-06-24 19:00:00,19.77357149777968,0,10.390518880173463,17.595832357746723,0.12728073718875738,1.389968866621926
52.0,4.7,2008-06-24 20:00:00,20.77357149777968,-0.0,0.0,16.332086181640648,0.12384221962926407,0.0
52.0,4.7,2008-06-24 21:00:00,21.77357149777968,-0.0,0.0,15.660577392578148,0.1243302078731076,0.0
52.0,4.7,2008-06-24 22:00:00,22.77357149777968,-0.0,0.0,15.193719482421898,0.1246694754678321,0.0
52.0,4.7,2008-06-24 23:00:00,0.2735714977796809,-0.0,0.0,14.538812255859398,0.12514539928681417,0.0
52.0,4.7,2008-06-25 00:00:00,0.7705079179356114,-0.0,0.0,13.442315673828148,0.1259422279362096,0.0
52.0,4.7,2008-06-25 01:00:00,1.7705079179356114,-0.0,0.0,12.573937988281273,0.12657328163001835,0.0
52.0,4.7,2008-06-25 02:00:00,2.7705079179356114,-0.0,0.0,12.049737548828148,0.12695422028046827,0.0
52.0,4.7,2008-06-25 03:00:00,3.7705079179356114,0,5.415031449489431,12.023204671751776,0.12930714964939788,0.7355570987878008
52.0,4.7,2008-06-25 04:00:00,4.770507917935611,0,52.62736807708418,15.425854802719375,0.14215260573267183,7.985194850724411
52.0,4.7,2008-06-25 05:00:00,5.770507917935611,0,104.86848752456835,19.738872388165028,0.14802893587731217,16.80732292116825
52.0,4.7,2008-06-25 06:00:00,6.770507917935611,80.39549785452482,134.95364746767055,26.73021136085983,0.14856760720684717,33.981988670480014
52.0,4.7,2008-06-25 07:00:00,7.770507917935611,149.98672210249538,165.38238996035128,32.965928112440295,0.1452664039691714,47.87290365201891
52.0,4.7,2008-06-25 08:00:00,8.77050791793561,328.8809894486426,131.73593235351612,40.627410781567605,0.14161924625689182,67.81752724888437
52.0,4.7,2008-06-25 09:00:00,9.77050791793561,449.6390599961816,95.71580410029595,43.507314048639245,0.14025485845299354,79.2441457568674
52.0,4.7,2008-06-25 10:00:00,10.77050791793561,669.5145553172792,73.92450684564433,48.83988193938873,0.13601884437188416,104.18792635347359
52.0,4.7,2008-06-25 11:00:00,11.77050791793561,664.6057416037959,73.33041507610169,46.91794195554135,0.13742798649344729,104.46418229095791
52.0,4.7,2008-06-25 12:00:00,12.77050791793561,740.3464824485384,60.539903485024354,47.72867202418557,0.1368436909987519,112.75061679958009
52.0,4.7,2008-06-25 13:00:00,13.77050791793561,695.5519464545008,51.67256869641983,45.29721129816646,0.138586172054013,106.70293862495446
52.0,4.7,2008-06-25 14:00:00,14.77050791793561,577.3145589858325,44.951079409101595,41.044938921652594,0.14211161174028614,91.48648795393623
52.0,4.7,2008-06-25 15:00:00,15.77050791793561,409.28093258514946,40.036467585359404,35.436525517576705,0.1452669979742416,68.06966305388227
52.0,4.7,2008-06-25 16:00:00,16.77050791793561,214.02384414587456,37.82871004412133,28.985471134113663,0.14747730846438853,39.47264522949708
52.0,4.7,2008-06-25 17:00:00,17.77050791793561,33.515291816450045,45.46807936451161,23.02145130668635,0.1427706836277531,12.870284204166264
52.0,4.7,2008-06-25 18:00:00,18.77050791793561,0,39.708009594251486,20.266304406534804,0.13605363287891406,6.164664372050009
52.0,4.7,2008-06-25 19:00:00,19.77050791793561,0,12.0243732227725,17.730234297456754,0.1279749381003915,1.6704075753801855
52.0,4.7,2008-06-25 20:00:00,20.77050791793561,-0.0,0.0,16.493920898437523,0.12372461366411674,0.0
52.0,4.7,2008-06-25 21:00:00,21.77050791793561,-0.0,0.0,16.075921630859398,0.12402837547905605,0.0
52.0,4.7,2008-06-25 22:00:00,22.77050791793561,-0.0,0.0,15.683740234375023,0.12431337533915571,0.0
52.0,4.7,2008-06-25 23:00:00,0.2705079179356106,-0.0,0.0,15.277551269531273,0.1246085545577322,0.0
52.0,4.7,2008-06-26 00:00:00,0.7674727337633267,-0.0,0.0,14.629571533203148,0.12507944414060482,0.0
52.0,4.7,2008-06-26 01:00:00,1.767472733763327,-0.0,0.0,13.906610107421898,0.1256048232306181,0.0
52.0,4.7,2008-06-26 02:00:00,2.7674727337633267,-0.0,0.0,13.165399169921898,0.12614346431707837,0.0
52.0,4.7,2008-06-26 03:00:00,3.7674727337633267,0,3.552681333613745,12.712707988109571,0.12806452363563026,0.49212937492192793
52.0,4.7,2008-06-26 04:00:00,4.767472733763327,0,53.52840012777949,16.44864250459898,0.14166564388800584,8.122366051048365
52.0,4.7,2008-06-26 05:00:00,5.767472733763327,0,101.88423906571471,20.867730883950916,0.14695612488886892,16.33399429925151
52.0,4.7,2008-06-26 06:00:00,6.767472733763327,94.24132126655267,120.96563513429305,26.457122246308675,0.1487786002789913,34.13736176170396
52.0,4.7,2008-06-26 07:00:00,7.767472733763327,269.0835429466255,101.12118999148163,32.86666741788433,0.14606519883914051,56.72263086662749
52.0,4.7,2008-06-26 08:00:00,8.767472733763325,458.6146774665789,74.69328756782939,38.920120357505915,0.14353437048353387,79.5573060063576
52.0,4.7,2008-06-26 09:00:00,9.767472733763325,625.8136442820659,66.80501330914686,44.439734731841405,0.13938039690506054,99.72323202987744
52.0,4.7,2008-06-26 10:00:00,10.767472733763325,747.6903853035159,61.408610918495405,48.514968772127126,0.13629991706553157,113.55130470801828
52.0,4.7,2008-06-26 11:00:00,11.767472733763325,807.196042881964,56.992000651616706,50.593306978683884,0.1350481367847677,120.00781862237974
52.0,4.7,2008-06-26 12:00:00,12.767472733763325,800.2920143992759,52.31577860392727,50.480452425029796,0.13507055084035688,118.4428065374758
52.0,4.7,2008-06-26 13:00:00,13.767472733763325,720.6173980251851,48.94451010050142,47.75061810768179,0.13678470821921881,108.47298680414416
52.0,4.7,2008-06-26 14:00:00,14.767472733763325,514.207049549539,58.17735147291557,41.02026910815171,0.14214994903689646,84.30037467720923
52.0,4.7,2008-06-26 15:00:00,15.767472733763325,200.71321735382818,105.70067334117992,31.242880621034693,0.14641187153757296,46.85387535015644
52.0,4.7,2008-06-26 16:00:00,16.767472733763327,67.45059215108174,115.74991097730803,26.15623566839452,0.14812976748093662,28.440725947694656
52.0,4.7,2008-06-26 17:00:00,17.767472733763327,9.383853131833721,87.35266979838174,22.42160527084754,0.1448195004489635,14.82036529811959
52.0,4.7,2008-06-26 18:00:00,18.767472733763327,0,41.396433481668744,19.225158447090703,0.13634760161105466,5.931856739346695
52.0,4.7,2008-06-26 19:00:00,19.767472733763327,0,8.75351245397676,16.839307231170977,0.12717003475466263,1.1673595051538426
52.0,4.7,2008-06-26 20:00:00,20.767472733763327,-0.0,0.0,15.895043945312523,0.12415982004919149,0.0
52.0,4.7,2008-06-26 21:00:00,21.767472733763327,-0.0,0.0,15.673699951171898,0.12432067165492669,0.0
52.0,4.7,2008-06-26 22:00:00,22.767472733763327,-0.0,0.0,15.455804443359398,0.12447901723123293,0.0
52.0,4.7,2008-06-26 23:00:00,0.267472733763326,-0.0,0.0,15.140344238281273,0.12470826348085165,0.0
52.0,4.7,2008-06-27 00:00:00,0.7644701479175444,-0.0,0.0,14.693200683593773,0.1250332045710532,0.0
52.0,4.7,2008-06-27 01:00:00,1.7644701479175446,-0.0,0.0,14.379663085937523,0.12526105365382217,0.0
52.0,4.7,2008-06-27 02:00:00,2.7644701479175446,-0.0,0.0,14.661462402343773,0.12505626891270005,0.0
52.0,4.7,2008-06-27 03:00:00,3.7644701479175446,0,0.6001594881058766,15.03614885436617,0.1250534101128621,0.07994601246594844
52.0,4.7,2008-06-27 04:00:00,4.764470147917544,0,9.420542183700263,15.570601392677306,0.12835301510467675,1.2660182089397478
52.0,4.7,2008-06-27 05:00:00,5.764470147917544,0,99.82677691838845,18.760438901906532,0.147865734910432,15.612033214176076
52.0,4.7,2008-06-27 06:00:00,6.764470147917544,55.53304861251394,151.6713464770683,22.535469573212424,0.15143874486576756,33.20473125546309
52.0,4.7,2008-06-27 07:00:00,7.764470147917544,205.0929983288062,138.50235408817895,26.944742981591688,0.15000328560199974,54.00028505894607
52.0,4.7,2008-06-27 08:00:00,8.764470147917544,312.89513211788284,134.20755512409627,30.834803835537826,0.14856872737141344,69.11127267430403
52.0,4.7,2008-06-27 09:00:00,9.764470147917544,465.64787789544334,94.04539927199193,35.73579369425722,0.1459596433535303,84.69120569194392
52.0,4.7,2008-06-27 10:00:00,10.764470147917544,679.304721007531,71.69931090658412,43.21829658802546,0.1400908651334368,108.41742408620509
52.0,4.7,2008-06-27 11:00:00,11.764470147917544,757.9263199498727,63.15625794354742,46.716607736366335,0.13765011679027636,116.26330486818804
52.0,4.7,2008-06-27 12:00:00,12.764470147917544,793.7630055721272,53.54137309759708,48.25504199459124,0.1366595736969824,119.09067187483274
52.0,4.7,2008-06-27 13:00:00,13.764470147917544,725.0140821913288,47.35269338062646,46.04027191729798,0.13802822052622665,109.8357379787514
52.0,4.7,2008-06-27 14:00:00,14.764470147917544,592.808723789554,42.56785152838956,41.67784980648397,0.1416152093365878,93.07631695132976
52.0,4.7,2008-06-27 15:00:00,15.764470147917544,413.1993633329614,39.4787067606325,35.67039372044441,0.1451391351500536,68.507155521875
52.0,4.7,2008-06-27 16:00:00,16.764470147917542,211.1399342669524,39.326209527631185,28.997971582057712,0.14744869605169117,39.22144276497341
52.0,4.7,2008-06-27 17:00:00,17.764470147917542,31.90589004561802,52.40172804021662,23.185217565953245,0.1433170789894139,13.60541160531388
52.0,4.7,2008-06-27 18:00:00,18.764470147917542,0,45.08911060223641,20.698639460274645,0.13687185919965322,6.8300476332273545
52.0,4.7,2008-06-27 19:00:00,19.764470147917542,0,8.601536853802937,18.461869935968963,0.12595177098063792,1.1433116004631503
52.0,4.7,2008-06-27 20:00:00,20.764470147917542,-0.0,0.0,17.734338378906273,0.12282319709625349,0.0
52.0,4.7,2008-06-27 21:00:00,21.764470147917542,-0.0,0.0,17.420434570312523,0.12305131230604144,0.0
52.0,4.7,2008-06-27 22:00:00,22.764470147917542,-0.0,0.0,17.132653808593773,0.12326044378847392,0.0
52.0,4.7,2008-06-27 23:00:00,0.2644701479175437,-0.0,0.0,16.825830078125023,0.1234834138758945,0.0
52.0,4.7,2008-06-28 00:00:00,0.7615043504192999,-0.0,0.0,16.628503417968773,0.12362681198463348,0.0
52.0,4.7,2008-06-28 01:00:00,1.7615043504193,-0.0,0.0,16.590600585937523,0.12365435613110018,0.0
52.0,4.7,2008-06-28 02:00:00,2.7615043504193,-0.0,0.0,16.622552490234398,0.12363113654869226,0.0
52.0,4.7,2008-06-28 03:00:00,3.7615043504193,0,0.7836906376225535,16.63819615700067,0.12397121842951313,0.1034897551698528
52.0,4.7,2008-06-28 04:00:00,4.7615043504193,0,23.975178430252335,17.421385666653443,0.13235276317714148,3.3281470744293964
52.0,4.7,2008-06-28 05:00:00,5.7615043504193,0,48.403692721684365,18.558738796164693,0.13862021720345732,7.029510001067327
52.0,4.7,2008-06-28 06:00:00,6.7615043504193,1.0862904088116532,53.61484606507863,19.317522711245566,0.13966817724259523,8.06366414075784
52.0,4.7,2008-06-28 07:00:00,7.7615043504193,4.804140121433963,80.02813567454601,21.032603756366687,0.14417634528680282,12.95726824458019
52.0,4.7,2008-06-28 08:00:00,8.7615043504193,15.857513250415307,128.79057334544493,23.863642521839385,0.14808772328663816,22.541229765092364
52.0,4.7,2008-06-28 09:00:00,9.7615043504193,100.8787689076421,220.55496531991227,30.902318623581255,0.1468292971192311,49.20131116957693
52.0,4.7,2008-06-28 10:00:00,10.7615043504193,409.5775295398011,113.94090547816056,38.974680220952,0.14343393439090563,78.06172613606748
52.0,4.7,2008-06-28 11:00:00,11.7615043504193,357.733232968143,104.6195374835437,37.7647310122736,0.14373508297416085,69.26612352226583
52.0,4.7,2008-06-28 12:00:00,12.7615043504193,572.9978953308478,87.71103422713058,44.2860570936176,0.13962926561165845,95.29529211791032
52.0,4.7,2008-06-28 13:00:00,13.7615043504193,652.6211127014026,66.03517369049537,45.981046197161895,0.13816330139144498,102.3907970124881
52.0,4.7,2008-06-28 14:00:00,14.7615043504193,536.3639186744192,59.07755002638332,41.85576936652555,0.14155947463068022,87.25102705506477
52.0,4.7,2008-06-28 15:00:00,15.7615043504193,371.4683274689589,55.42859683126485,36.12604818711976,0.14446748281230004,64.34104113373277
52.0,4.7,2008-06-28 16:00:00,16.761504350419298,193.29985179783276,56.533284749194834,30.02188633091838,0.14669223491182806,38.86797936921503
52.0,4.7,2008-06-28 17:00:00,17.761504350419298,31.608745094955577,61.018182622791166,24.273822983667884,0.14361332433340604,14.863517081193605
52.0,4.7,2008-06-28 18:00:00,18.761504350419298,0,45.185863485061,21.08671619378222,0.13679884956251656,6.946204573044903
52.0,4.7,2008-06-28 19:00:00,19.761504350419298,0,12.871132105075928,17.952382112336114,0.12812877529460534,1.782990403563663
52.0,4.7,2008-06-28 20:00:00,20.761504350419298,-0.0,0.0,16.314477539062523,0.12385501590342778,0.0
52.0,4.7,2008-06-28 21:00:00,21.761504350419298,-0.0,0.0,15.902917480468773,0.12415409831828296,0.0
52.0,4.7,2008-06-28 22:00:00,22.761504350419298,-0.0,0.0,15.436181640625023,0.12449327720400113,0.0
52.0,4.7,2008-06-28 23:00:00,0.2615043504192991,-0.0,0.0,14.965631103515648,0.12483522824616725,0.0
52.0,4.7,2008-06-29 00:00:00,0.758579518064355,-0.0,0.0,14.614099121093773,0.12509068800715767,0.0
52.0,4.7,2008-06-29 01:00:00,1.758579518064355,-0.0,0.0,14.578790283203148,0.1251163470872398,0.0
52.0,4.7,2008-06-29 02:00:00,2.758579518064355,-0.0,0.0,14.631158447265648,0.1250782909235225,0.0
52.0,4.7,2008-06-29 03:00:00,3.758579518064355,0,3.0924257773971875,14.663550288663671,0.12643884991875498,0.4212568886439089
52.0,4.7,2008-06-29 04:00:00,4.758579518064355,0,50.989335743882314,17.320563869647984,0.14037941104673693,7.637995049102894
52.0,4.7,2008-06-29 05:00:00,5.758579518064355,0,101.28444998388406,20.95165084197801,0.1467882276527589,16.170177093944726
52.0,4.7,2008-06-29 06:00:00,6.758579518064355,90.59302895493688,120.93348168584656,26.20471799551077,0.14888878328618346,33.55096017738659
52.0,4.7,2008-06-29 07:00:00,7.758579518064355,262.4737563936625,102.42828591506375,32.44280886741044,0.14629705066068893,55.97008136973875
52.0,4.7,2008-06-29 08:00:00,8.758579518064353,433.64171216180705,78.48816575686651,37.933667125812164,0.14410519429844798,76.70002207226248
52.0,4.7,2008-06-29 09:00:00,9.758579518064353,608.3037454240458,68.38877085265676,43.668696727075215,0.1400100055876113,97.85798932258662
52.0,4.7,2008-06-29 10:00:00,10.758579518064353,735.2168343569185,61.89277148609857,47.70487424315979,0.13685250935219778,112.29929425361233
52.0,4.7,2008-06-29 11:00:00,11.758579518064353,789.2181764939794,57.92377909893326,49.26471865522209,0.13592374115475447,118.3941106284466
52.0,4.7,2008-06-29 12:00:00,12.758579518064353,785.55133352393,52.9769693825089,48.819156958830625,0.13620276432278225,117.43372047534058
52.0,4.7,2008-06-29 13:00:00,13.758579518064353,711.9128391877379,48.18268049552375,46.13901183165936,0.13795889789073043,108.01535403895646
52.0,4.7,2008-06-29 14:00:00,14.758579518064353,578.0341315801916,43.866971786543246,41.507878610272726,0.14177667695223473,91.17894365557719
52.0,4.7,2008-06-29 15:00:00,15.758579518064353,402.7332732154985,40.48592275402697,35.54964315045304,0.14510184083120353,67.03115331054926
52.0,4.7,2008-06-29 16:00:00,16.758579518064355,208.4127928013702,39.59008052750173,28.928933117171933,0.14746551759235368,38.81602505430855
52.0,4.7,2008-06-29 17:00:00,17.758579518064355,31.37144701504504,52.52689615364313,22.900331791703294,0.14339131998721563,13.471914073735409
52.0,4.7,2008-06-29 18:00:00,18.758579518064355,0,40.363884003754585,20.03761121259826,0.13622674446807434,6.176226511716832
52.0,4.7,2008-06-29 19:00:00,19.758579518064355,0,11.388713794160958,17.429116899175312,0.12792583094286747,1.576763064236919
52.0,4.7,2008-06-29 20:00:00,20.758579518064355,-0.0,0.0,16.722253417968773,0.12355868346776892,0.0
52.0,4.7,2008-06-29 21:00:00,21.758579518064355,-0.0,0.0,16.704522705078148,0.12357156845093895,0.0
52.0,4.7,2008-06-29 22:00:00,22.758579518064355,-0.0,0.0,16.343133544921898,0.12383419146419085,0.0
52.0,4.7,2008-06-29 23:00:00,0.2585795180643542,-0.0,0.0,16.036645507812523,0.12405691760184402,0.0
52.0,4.7,2008-06-30 00:00:00,0.7556998137275011,-0.0,0.0,15.939569091796898,0.12412746343913117,0.0
52.0,4.7,2008-06-30 01:00:00,1.755699813727501,-0.0,0.0,15.998071289062523,0.12408494964784557,0.0
52.0,4.7,2008-06-30 02:00:00,2.7556998137275013,-0.0,0.0,14.849755859375023,0.12491943527042981,0.0
52.0,4.7,2008-06-30 03:00:00,3.7556998137275013,0,3.129914283457335,13.560878194141603,0.12725764873904244,0.42943836171080696
52.0,4.7,2008-06-30 04:00:00,4.755699813727501,0,51.60801346271333,17.16198921992659,0.14064247751474038,7.744213505887694
52.0,4.7,2008-06-30 05:00:00,5.755699813727501,0,106.18336883964577,21.71880445894241,0.14658255541376314,16.632430539955756
52.0,4.7,2008-06-30 06:00:00,6.755699813727501,56.80304731960637,146.3096185365304,27.018473530909887,0.14808235064805275,31.76486041055655
52.0,4.7,2008-06-30 07:00:00,7.755699813727501,205.5622157251886,133.18666317328731,33.60664902872928,0.14509777528404752,51.478006420320526
52.0,4.7,2008-06-30 08:00:00,8.7556998137275,425.23215094461204,83.01533679012618,40.80678580253723,0.1419867804564597,75.02106788533493
52.0,4.7,2008-06-30 09:00:00,9.7556998137275,604.6419831968656,70.29046745380985,47.24912539043326,0.13741549920084511,95.802735924317
52.0,4.7,2008-06-30 10:00:00,10.7556998137275,734.2105138647169,63.38356205912837,51.9898948991574,0.13373996923567585,109.82273572724266
52.0,4.7,2008-06-30 11:00:00,11.7556998137275,772.6532853255784,61.17649892193652,53.4333963721962,0.13282783996368472,113.9322292973802
52.0,4.7,2008-06-30 12:00:00,12.7556998137275,754.9578455066035,58.243019435063275,52.87505152218531,0.1331443365924794,111.41463878751217
52.0,4.7,2008-06-30 13:00:00,13.7556998137275,662.3719360590899,56.80882019567836,49.61868061284985,0.13551805492931218,100.50218636868436
52.0,4.7,2008-06-30 14:00:00,14.7556998137275,487.7975787104862,60.71930218633562,43.32238408485483,0.14040346166026363,79.78755137402682
52.0,4.7,2008-06-30 15:00:00,15.7556998137275,321.43758970806664,58.967088997707535,36.71275669864205,0.14338505934925988,56.91192668888987
52.0,4.7,2008-06-30 16:00:00,16.7556998137275,210.3357682960797,40.85692977119645,31.521328995820564,0.14562249436974897,38.82815211255106
52.0,4.7,2008-06-30 17:00:00,17.7556998137275,35.01286809288582,45.963129178196404,24.180741788058018,0.14217469775738478,13.063479254320525
52.0,4.7,2008-06-30 18:00:00,18.7556998137275,0,38.08711206545612,20.444012277272332,0.13551257414428275,5.922090915156267
52.0,4.7,2008-06-30 19:00:00,19.7556998137275,0,11.338648006455347,16.29165559889388,0.1287699769426841,1.593276271274524
52.0,4.7,2008-06-30 20:00:00,20.7556998137275,-0.0,0.0,13.960046386718773,0.12556599086309542,0.0
52.0,4.7,2008-06-30 21:00:00,21.7556998137275,-0.0,0.0,13.124871826171898,0.12617291570718125,0.0
52.0,4.7,2008-06-30 22:00:00,22.7556998137275,-0.0,0.0,12.499230957031273,0.12662757154189477,0.0
52.0,4.7,2008-06-30 23:00:00,0.2556998137275003,-0.0,0.0,12.005364990234398,0.1269864660042707,0.0
